Artist,Album Name,avg_score,confidence_score,track_count,Genres,Label,Artist_Centrality,Mood_Score,Energy_Profile
Vincent Lima,To Love A Thing That Fades,100.0,93.75,15,"folk, pop",Blue Shutters Music LLC / Island Records,20.17,21.3,68.41
Hand Habits,Blue Reminder,100.0,97.26,36,"folk, indie, indie folk, singer-songwriter, usa, dream pop, american, folk rock, queer | indie, folk, indie folk, pop, united states, folk pop, xx, contemporary folk | indie, folk, indie folk, pop, united states, folk pop, contemporary folk, xx",Fat Possum Records,19.34,30.35,58.17
Runaway Brother,Want You Need,100.0,90.0,9,"indie, alternative, pop, emo, pop punk, punk pop, rock, punk, melodic, male vocalists",Mr Saturn Records,42.68,36.53,69.4
The Loft,Everything Changes Everything Stays The Same,100.0,86.36,10,"indie pop, creation records, indie",Tapete Records,42.75,54.15,59.93
SAINt JHN,FESTIVAL SEASON,100.0,94.44,17,"hip-hop, rap, rnb, trap, electronic, guyana, new york, saint jhn, american, hip hop","GODD COMPLEXX, under exclusive license to Roc Nation Distribution",27.9,23.65,51.01
Ellie Holcomb,Far Country,100.0,87.5,11,"female vocalist, singer-songwriter, folk, acoustic, indie, christian, ccm, gospel, indie pop",Ellie Holcomb III,33.22,36.07,69.77
Lucy Dacus,Forever Is A Feeling,100.0,90.08,60,"indie rock, indie, female vocalists, singer-songwriter, lucy dacus, digital, female vocalist, folk, indie pop | rock, female vocalist, indie, singer-songwriter | indie rock, indie pop, matador, digital, rock, female vocalists, female vocalist, indie, folk","Lucy Dacus, under exclusive license to Geffen Records.",29.79,20.02,29.32
Matt Maltese,Hers,100.0,93.33,44,"indie pop, pop rock, dream pop, albums, pop, singer-songwriter, indie | pop, singer-songwriter, indie pop, indie, british, uk, piano, rock, alternative, folk | pop, indie pop, singer-songwriter, indie, british, uk, piano, rock, alternative, folk",Tonight Matthew,19.63,19.45,46.22
Sydney Rose,I Know What I Want,100.0,85.71,6,"pop, singer-songwriter, acoustic, united states, rise, sydney rose",Sydney Rose,17.51,21.04,57.12
Moontype,I Let the Wind Push Down On Me,100.0,95.21,22,"female vocalist, indie rock, dream pop | female vocalist, indie rock, dream pop, indie, rock, alternative rock, indie pop, usa, shoegaze, american",Orindal Records,16.55,38.53,65.83
Ayoni,ISOLA,100.0,67.05,60,"barbados, barbadian, soul, rnb, los angeles, bajan | barbados, barbadian, rnb, soul, los angeles, bajan",Def Jam Recordings,27.25,33.27,57.57
Ball Park Music,Like Love,100.0,89.88,20,"collection, female vocalist, indie pop, australian | female vocalist, indie pop, australian, indie, indie rock, unearthed, aussie, pop, rock, piano",Prawn Records,25.18,15.06,83.86
Chloe Slater,Love Me Please,100.0,83.33,5,"female vocalist, indie pop, indie, pop, british, alternative, singer-songwriter, indie rock, dream pop, london indie",stolen juice,22.17,38.2,54.91
Yo La Tengo,Old Joy,100.0,92.31,12,"matador, indie, pop, indie pop, feel good, female vocalist, indie rock, alternative | female vocalist, indie, indie rock",Mississippi Records,27.67,21.91,75.62
Trapper Schoepp,Osborne,100.0,91.67,11,"indie, folk, singer-songwriter, power pop, indie rock, alternative, wisconsin, milwaukee, powerpop, indiefolk",Blue Elan Records LLC,39.66,67.68,51.93
Matilda Mann,Roxwell,100.0,93.33,14,indie pop,7476,18.55,33.27,44.52
Dumb Things,Self Help,100.0,90.91,10,"jangle pop, australia, brisbane, slacker pop, hidden bay records",Dumb Things,29.1,49.31,62.17
Tara Nome Doyle,Ekko,100.0,90.88,10,"indie pop, norwegian, irish, berlin, singer-songwriter, piano, chamber pop, female vocal, art pop",FatCat Records,38.85,14.45,55.76
Tyler Childers,Snipe Hunter,100.0,96.3,26,"country, folk, americana, singer-songwriter, american, outlaw country, kentucky, bluegrass, contemporary country, usa | americana, folk, progressive country, melodic, death, introspective, alt-country, country, singer-songwriter, american",Hickman Holler Records/RCA Records,25.15,45.55,63.16
MEGGO,eavesdropper ;; death stories,100.0,85.71,6,Pop,Badass & Wholesome Productions,32.1,28.38,43.75
Sports Team,Boys These Days,100.0,46.78,10,"post-punk, crank wave, indie rock, art punk, indie, british, rock, england, pop, indie pop",Bright Antenna,14.03,59.75,53.87
Barry Hyde,Miners' Ballads,99.99,89.95,9,"rock, england, united kingdom",Sirenspire Records,40.4,28.56,36.29
Tyler,DON'T TAP THE GLASS,99.98,55.54,50,"female vocalist, japanese, austrian, j-urban, rock, rnb, pop, japan, england, r&b | female vocalist, rock, japanese, austrian, indie, pop, j-urban, austrian music, electronic, alternative",Columbia,66.94,50.2,53.23
Jade Bird,Who Wants to Talk About Love?,99.96,80.24,33,"singer-songwriter, indie, female vocalists, folk rock, indie folk, jade bird | female vocalist, folk, singer-songwriter, acoustic, indie, british, indie rock, folk rock, indie folk, pop | female vocalist, folk, acoustic, singer-songwriter, indie, british, indie folk, indie rock, uk, folk rock",Glassnote Music LLC,15.77,44.25,55.64
Horsegirl,Phonetics On and On,99.95,51.88,55,"female vocalist, indie rock, post-punk, noise pop, crank wave, shoegaze, noise rock, indie, art punk, rock | indie, rock, alternative, alternative rock, indie rock, female vocalists, female vocalist, post-punk, crank wave | indie pop, indie rock, indie, twee pop, college rock, post-punk, female vocalist, noise pop, shoegaze",Matador,19.25,53.77,72.61
Mobley,We Do Not Fear Ruins,99.94,88.25,16,"electronic, alternative, indie, indie pop, indie rock, austin, on tour, the warplanes, mobley",Last Gang,35.25,24.43,44.11
Hamilton Leithauser,This Side of the Island,99.9,70.61,27,"indie rock, indie, singer-songwriter, rock, indie pop, usa, alternative, alternative rock, new york, guitar | indie rock, indie, singer-songwriter",Glassnote Music LLC,18.91,54.9,47.33
Spacey Jane,If That Makes Sense,99.81,47.79,26,"indie rock, indie, pop, rock, indie pop, australian, garage, australia, garage rock, surf rock | indie rock, indie, pop",Concord Records,29.86,10.55,28.66
Evan Honer,Everything I Wanted,99.79,87.7,13,"country, folk, indie folk, usa",Cloverdale Records,25.03,59.29,63.58
Adam Melchor,The Diary of Living,99.73,84.35,64,"folk, indie pop, singer-songwriter, american, indie folk, male vocalists, new jersey, new jersey indie, my top songs",R&R Digital,20.29,19.26,40.19
salem ilese,growing down,99.65,81.38,8,"female vocalist, pop, indie pop, singer-songwriter, kids, indie, american, los angeles, deezer",10K Projects,29.53,35.68,45.04
No Guidnce,Confessions of a Loverboy,99.56,73.29,5,"rnb, pop, soul, boyband, british, boybands",NG Records,22.68,43.99,83.01
Oracle Sisters,Divinations,99.53,88.82,22,"indie pop, dream pop, french, indie, france, indie rock, acoustic, synth pop, soft rock, folk rock | indie pop, dream pop, french",Wizard Artists,21.11,26.64,61.48
Viagra Boys,viagr aboys,99.48,85.65,33,"post-punk, crank wave, egg punk, dance-punk, art punk, rock, swedish, cowpunk, punk, sweden | crank wave, post-punk, egg punk, cowpunk, dance-punk, spoken word, rock, swedish, punk | punk, punk rock, crank wave",Shrimptech Enterprises,15.28,51.51,68.64
The Hunts,Hibernating Heart,99.42,54.45,45,"indie, folk, acoustic, usa, alternative, folk-pop, indie-folk, virginia",The Hunts,21.19,27.65,66.75
Doves,Constellations For The Lonely,99.31,45.7,10,"art rock, post-britpop, indie, indie rock, britpop",EMI North,23.13,45.76,47.81
girlpuppy,Sweetness,98.93,91.54,20,"female vocalist, indie pop, electronic, indie, alternative, indie rock, singer-songwriter, acoustic, synth pop, american | female vocalist, indie pop, electronic",Captured Tracks,20.17,7.56,43.64
Gary Louris,Dark Country,98.88,76.48,12,"folk, singer-songwriter",SHAM,17.2,35.48,40.53
Homeboy Sandman;Sonnyjim,Soli Deo Gloria,98.73,67.04,10,"underground hip hop, alternative hip hop",Dirty Looks / We Buy Gold,1.0,31.22,38.17
MARINA,PRINCESS OF POWER,98.63,73.69,52,"pop rock, pop, electropop, indie pop, female vocalists, new wave, female vocalist, post-hardcore, indie | baroque pop, electronic, electropop, power pop, electro, new wave, female vocalist, pop, indie pop | pop, electronic, electropop, indie, dance, dance-pop, female vocalist, indie pop, post-hardcore",BMG Rights Management (UK) Ltd.,16.72,63.0,62.94
Big Thief,Double Infinity,98.57,37.33,41,"female vocalist, indie rock, indie folk | indie folk, alt-country, folk rock, indie rock, americana, indie, female vocalist, acoustic, dream pop | indie rock, americana, folk rock, indie folk, indie, folk, female vocalists, soft rock",4AD,17.53,51.14,57.4
Amber Mark,Pretty Idea,98.46,77.72,32,"female vocalist, soul, rnb, pop, alternative rnb, usa, american, neo-soul, trap, alternative | alternative r&b, indie soul",PMR Records/Interscope Records,22.08,58.27,44.6
Indigo De Souza,Precipice,98.35,45.82,22,"female vocalist, indie rock, singer-songwriter, indie, indie pop, usa, american, garage pop, bedroom pop, bubblegrunge | indie rock, female vocalist, singer-songwriter, indie",Loma Vista Recordings,29.48,11.02,55.29
Annie DiRusso,Super Pedestrian,98.31,74.41,21,"americana, alt country | female vocalist, indie pop, indie, indie rock, usa, pop rock, acoustic, american, folk rock, indie folk",Summer Soup Songs,20.2,39.99,41.24
Bon Iver,"SABLE, fABLE",98.05,44.55,80,"folk, indie, singer-songwriter, indie folk, jagjaguwar, digital, lo-fi, american, alt-country | folk, indie, singer-songwriter, acoustic, lo-fi, indie folk, american, alternative, alt-country, indie rock | indie folk, folk, indie, acoustic, vinyl, american, alt-country",Jagjaguwar,19.31,29.14,71.88
The Chills,Spring Board: The Early Unrecorded Songs,98.0,72.27,40,"indie rock | new zealand, indie pop, indie, flying nun, kiwi, post-punk, pop, college rock, indie rock, dunedin sound",Fire Records,28.36,38.57,71.52
The Head And The Heart,Aperture,97.98,53.98,24,"female vocalist, folk, indie, alternative, seattle, male vocalists, indie folk, american, folk rock, acoustic | folk, indie, indie folk, rock, alternative, acoustic, folk rock, seattle",Verve Forecast,12.16,35.73,53.95
Turnstile,NEVER ENOUGH,97.93,45.48,42,"hardcore, hardcore punk, punk, post-hardcore, alternative rock, nyhc, baltimore, punk rock, alternative metal, american | alternative rock, hardcore punk, post-hardcore, alternative metal, dream pop, rock, nyhc, baltimore | alternative rock, shoegaze, dream pop, punk rock, alternative metal, to listen, melodic hardcore",Roadrunner Records,33.26,6.3,71.52
Wet Leg,moisturizer,97.91,45.4,24,"crank wave, indie rock, indie pop, post-punk, alternative rock, post-brexit new wave, rock, british | female vocalist, indie rock, post-punk",Domino Recording Co,1.0,70.56,54.8
Craig Finn,Always Been,97.4,66.31,22,"albums, rock, singer-songwriter, alternative | rock, singer-songwriter, alternative, alt-country, usa, indie, minnesota, folk, american",Tamarac,17.86,53.94,54.5
Far Caspian,Autofiction,97.22,70.33,44,"dream pop, indie pop, indie, lo-fi, british, alternative, indie rock, jangle pop, england, lofi | dream pop, indie pop, indie",Tiny Library Records Under Exclusive Licence To Dance To The Radio,22.87,46.88,50.37
Bikini Trill,Bikini Trill,96.91,87.29,27,"stoner, usa | reggae rock, reggae | reggae rock",Ineffable Records,42.75,44.8,74.6
Beach Bunny,Tunnel Vision,96.79,68.12,50,"female vocalist, indie rock, indie pop | power pop, indie pop, indie rock, midwest emo, indie, pop rock, colours | female vocalist, indie rock, indie pop, indie, power pop, pop rock, usa, pop punk, chicago, pop",Beach Bunny Music LLC,17.81,69.14,56.39
Circa Waves,"Death & Love, Pt. 1",96.78,65.54,18,"indie rock, indie, british, rock, england, uk, seenlive, alternative rock, indie pop, pop rock | indie rock, indie, british",Lower Third,23.25,36.32,55.73
d4vd,WITHERED,96.76,36.9,14,"rnb, pop, rock, dream pop, indie pop, indie rock, usa, hip-hop, indie, hip hop",Darkroom/Interscope Records,27.63,29.64,49.29
Salin,Rammana,96.7,83.8,10,"soul, funk, rnb, jazz, fusion, canadian, jazz fusion, drums, montreal, quebec",Salin,42.75,50.43,45.41
Jason Isbell,Foxes in the Snow,96.57,62.05,11,"singer-songwriter, folk, contemporary folk, acoustic, americana, vinyl",Southeastern Records,25.64,40.39,42.84
Flyte,Between You and Me,96.56,40.21,27,"progressive rock, symphonic prog, indie rock, rock, folk, folk rock, male vocalists, nwobhm, heavy metal, female fronted metal | progressive rock, symphonic prog, indie rock, rock, folk rock, dutch, folk, male vocalists, nwobhm, pop",Nettwerk Music Group,19.47,35.38,41.19
HAIM,I quit,96.55,38.19,45,"soft rock, indie pop, rock, indie rock, pop rock, alt-country, female vocalist, indie, soul | alternative, indie rock | female vocalist, indie pop, indie, indie rock, soul, pop, american, soft rock, rock, pop rock",Columbia,14.36,38.29,50.48
Star 99,Gaman,96.47,49.35,10,"pop, emo, indie pop, twee, power pop, usa",Lauren Records,14.13,23.71,76.71
Teyana Taylor,Escape Room,96.41,58.53,23,"neo soul, quiet storm, afrobeats | rnb, trap, teyana taylor | female vocalist, rnb, hip-hop","Taylormade Enterprises, Inc./Def Jam Recordings",19.39,64.26,44.94
illuminati hotties,Nickel on the Fountain Floor,96.36,32.38,25,"female vocalist, indie rock, power pop | bobcore, bubblegrunge, female vocalist, indie rock, power pop | experimental, noise rock, twee pop, pop punk, art punk, female vocalist, indie rock, power pop",Snack Shack Tracks / Hopeless Records,1.0,39.7,64.57
Pug Johnson,El Cabron,96.35,61.7,11,Country,Break Maiden Records,30.12,61.96,38.74
Sir Chloe,Swallow the Knife,96.34,61.53,11,"female vocalist, indie rock, garage rock, alternative, indie, american, alternative rock, deezer, united states, brooklyn",Sir Chloe,21.05,32.52,69.35
Coach Party,Caramel,96.24,56.02,10,"female vocalist, indie rock, indie pop, power pop, dream pop, indie, rock, british, grunge, alternative rock",Chess Club Records,18.77,48.3,63.79
Empty Heaven,Now I'm Laughing Again,96.24,57.92,10,"indie rock, lo-fi",Friend Club Records,24.68,26.0,33.83
Say She She,Cut & Rewind,96.12,57.92,12,"female vocalist, soul, pop",drink sum wtr,24.04,68.46,60.96
Jeffrey Lewis,The EVEN MORE Freewheelin' Jeffrey Lewis,96.08,63.3,40,"indie, wilting violets, loony, eternal love, diy wonders, anti-folk, singer-songwriter, lo-fi | anti-folk, singer-songwriter, lo-fi, indie, antifolk, folk, acoustic, folk punk, alternative, new york",Vintage Voltage,19.5,40.49,57.7
The Tubs,Cotton Crown,96.07,57.89,9,"jangle pop, indie rock, dream pop",Trouble In Mind Records,22.51,62.5,67.77
The Lathums,Matter Does Not Define,95.89,56.53,12,"indie rock, british, uk",Modern Sky UK,15.81,44.09,57.5
Kristin Daelyn,Beyond the Break,95.85,56.39,8,Country | indie folk,Orindal Records,42.75,22.96,55.63
Heartworms,Glutton For Punishment,95.82,56.47,9,"rock, female vocalist, post-punk, indie",Speedy Wunderground / [PIAS],20.87,21.95,24.36
Career Woman,Lighthouse,95.65,55.13,11,"anti-folk | female vocalist, indie, alternative, indie pop, indie rock, singer-songwriter, los angeles, lo-fi, american, california",Lauren Records,24.42,43.29,65.39
Neil Young,Oceanside Countryside,95.63,44.28,50,"classic rock, singer-songwriter, rock | classic rock, singer-songwriter, rock, folk, folk rock, canadian, country, alt-country, neil young | folk, sad, druggy, album rock, country-rock, classic rock, singer-songwriter, rock",Reprise,29.83,39.99,64.5
Cautious Clay,The Hours: Morning,95.59,54.71,8,"rnb, soul, alternative rnb, electronic, pop, singer-songwriter, indie, jazz, indie pop, american",Fantasy,26.64,61.12,44.05
Panda Bear,Sinister Grift,95.55,40.14,10,"neo-psychedelia, psychedelic pop, psychedelia, pop, rock, indie rock, experimental, psychedelic, freak folk",Domino Recording Co,31.52,70.85,61.3
Samia,Bloodless,95.45,45.1,78,"singer-songwriter, queen, american, debut, samia, indie music masterclass | singer-songwriter, cover, american, samia | female vocalist, indie pop, singer-songwriter",Grand Jury Music,39.54,30.39,55.29
Michigander,Michigander,95.35,57.07,24,"indie pop, indie rock, indie | indie pop, indie rock, indie, alternative, alternative rock, usa, pop rock, michigan, daytrotter, indie alternative",Totally Normal Records,18.87,49.26,53.41
Luke Sital-Singh,Fool's Spring,95.25,44.21,21,"folk, acoustic, british, singer-songwriter, male vocalists, indie, vocal, male, london | indie folk",Nettwerk Music Group,15.64,46.13,53.27
Cynthia Erivo,I Forgive You,95.02,87.86,20,"female vocalist, soul, british",Verve / Republic Records,32.25,34.57,56.56
Charlie Cunningham,In Light,94.8,45.29,10,"british, folk, indie, singer-songwriter, acoustic, uk, indie folk, folk pop, english",Charlie Cunningham,16.0,43.96,64.58
Chatham Rabbits,Be Real With Me,94.17,51.83,9,"Americana, Folk, Dual-Gender",Independent,34.44,35.28,39.0
Pale Blue Eyes,New Place,94.13,52.05,11,"post-punk, indie rock, indie pop",Having Fun,26.83,22.96,72.36
Penny and Sparrow,Lefty,93.79,52.85,19,"folk pop | gospel r&b | folk, indie, usa, melancholic, male vocalists, acoustic pop",I Love You,15.55,31.22,38.09
Brett Eldredge,Lonestar Lovers,93.62,62.03,5,"country, rock, alternative, male vocalists, contemporary country, jazz, singer-songwriter, usa, acoustic, american",Warm and Cozy Records,25.46,48.39,37.62
Sofi Tukker,butter,93.59,46.89,15,"brazilian hip hop | brazilian funk, funk consciente | hip house",SOFI TUKKER LLC,1.0,36.44,42.29
Perfume Genius,Glory,93.48,35.57,31,"art pop, ambient folk | pop, art pop, rock, folk, indie rock, post-rock, ambient, experimental, indie | singer-songwriter, ambient, experimental, indie, lo-fi, indie pop, chamber pop, art pop, american, pure",Matador,27.18,32.0,47.51
Billie Marten,Dog Eared,93.12,30.45,50,"folk, experimental | female vocalist, indie pop, indie, folk, british, singer-songwriter, england, indie folk, pop, uk | female vocalist, indie pop, indie, folk, british, singer-songwriter, indie folk, pop, england, uk",Fiction Records,24.4,55.82,42.13
St. Paul & The Broken Bones,St. Paul & The Broken Bones,93.07,50.7,20,"soul, blues, indie | soul, blues, indie, funk, american, rnb, alabama, jazz, rock",Oasis Pizza Records,23.59,73.23,46.12
Moonchild Sanelly,Full Moon,92.88,42.96,12,"female vocalist, indie pop, south africa",Transgressive Records,20.55,51.31,67.77
Mac Miller,Balloonerism,92.86,29.51,56,"jazz rap, neo-soul, abstract hip hop, neo-psychedelia, cloud rap, rnb, underground hip-hop, pittsburgh, underground rap | jazz rap, abstract hip hop, cloud rap, hip hop, rap, pop rap, underground hip-hop, pittsburgh, underground rap | neo-soul, rnb, hip-hop, rap, pop rap, underground hip-hop, pittsburgh, underground rap",Warner Records,16.47,59.47,58.11
Blasé,BLABLABLA,92.8,48.57,12,"french rap, hip house | rap, hip-hop, korean, drill, khh, hip hop, rock, punk, rnb, greek",Record Makers,42.75,51.56,47.98
sleepingdogs;Andrew;Jesse the Tree,DOGSTOEVSKY,92.59,48.63,12,"underground hip hop, alternative hip hop | underground hip hop | underground hip hop, experimental hip hop",Three Dollar Pistol Music LLC,1.0,58.03,35.8
Cut Copy,Moments,92.58,38.27,9,"alternative dance, indie dance, indie electronic, new rave | electronic, indie, australian",Cutters Records,36.8,49.97,56.86
Bright Eyes,Kids Table,92.24,31.58,68,"favorite albums, indie, folk, favourite albums, bright eyes, indie rock | indie, folk, favourite albums, favorite albums, singer-songwriter | indie rock",Dead Oceans,1.0,47.59,63.85
Ian M Bailey,Lost In A Sound,92.17,43.3,10,"Indie Rock, Psychedelic",Ian M Bailey/Daniel Wylie,42.75,41.5,61.82
Little Simz,Lotus,91.92,42.22,37,"indie soul | alté, gqom | female vocalist, rap, hip-hop, hip hop, grime, rnb, uk hip hop, british, conscious hip hop, uk",Little Simz,27.07,53.15,55.82
LA NIÑA,FURÈSTA,91.85,41.07,10,"neomelodico, canzone napoletana | rnb, italian",BMG Rights Management Italy S.R.L.,42.75,67.93,47.32
Pool Kids,Easier Said Than Done,91.77,44.55,22,"female vocalist, emo, math rock | math rock, emo, indie pop, midwest emo, self-titled, break up album",Epitaph,18.3,39.3,56.9
Heart Attack Man,Joyride The Pale Horse,91.66,41.85,12,"emo, indie rock, punk, pop punk, indie, alternative rock, rock, alternative, american, power pop",Many Hats Distribution,22.1,48.55,75.39
S.G. Goodman,Planting by the Signs,91.59,41.2,20,"albums, female vocalist, folk, indie | southern gothic, alt country, indie folk | female vocalist, folk, indie",Slough Water Records,19.76,47.76,64.85
The Minus 5,"Oar On, Penelope!",91.4,43.01,24,"alt-country, indie, alternative, indie rock, rock, power pop, singer-songwriter, seattle, americana, classic rock | alt-country, alternative, rock, indie, indie rock, post core, mathcore, post hitching post, post amoeba, post everything",Yep Roc Records,23.54,39.26,64.67
Leith Ross,I Can See The Future,91.37,34.37,13,"female vocalist, folk, singer-songwriter",Republic Records,28.27,53.65,46.67
Esther Rose,Want,91.07,41.97,29,"alt country, americana | folk, americana, alternative country, singer-songwriter, folk-pop, american, detroit, indie folk, michigan, nola","New West Records, LLC",14.84,39.41,66.96
Caamp,Copper Changes Color,90.84,41.69,41,"folk, americana, indie folk, indie pop, folk pop, indie, country, alternative, american, indie rock | indie folk, folk",Mom+Pop,33.77,38.49,48.09
Hazlett,last night you said you missed me,90.82,40.91,10,"alternative, rock, australia, indie, pop rock, song-writer",Nettwerk Music Group,19.87,33.02,60.38
Yuno,Blest,90.76,43.91,40,"indie pop, electronic, indie, electro pop, florida, dream pop, american, all, electronica, pop",Sub Pop Records,14.71,68.47,50.68
Blondshell,If You Asked For A Picture,90.41,27.04,36,"female vocalist, indie rock, dream pop | female vocalist, indie rock, dream pop, indie, indie pop, grunge, usa, alternative rock, folk, singer-songwriter | indie rock, indie, rock, alternative, alternative rock, female vocalists, female vocalist, dream pop, indie pop",Partisan Records,24.43,37.36,59.23
KALEO,MIXED EMOTIONS,90.06,39.09,10,"rock, icelandic, blues rock",Atlantic Records,25.14,34.27,38.22
Arny Margret,"I Miss You, I Do",89.91,41.53,20,"female vocalist, icelandic, indie pop, acoustic, indie folk, folk pop, fgg, folk guitar girl",One Little Independent,20.64,35.31,64.48
Mallrat,Light hit my face like a straight right,89.73,29.58,22,"indie pop, australian, indie alternative | female vocalist, pop, electronic",Nettwerk Music Group,18.13,42.67,59.79
Chance the Rapper,STAR LINE,89.54,39.22,24,"rap, melodic rap, trap | chicago drill | hip-hop, rap, hip hop, chicago, jazz rap, pop rap, underground hip-hop, american, cloud rap, acid rap",Chance The Rapper LLC,22.51,52.1,30.79
Common Holly,Anything glass,89.41,39.17,10,"female vocalist, indie, singer-songwriter, folk, indie folk, indie rock, usa, canada, canadian, folk rock",Keeled Scales,27.63,36.95,52.93
Ruston Kelly,"Pale, Through the Window",89.25,41.22,65,"folk rock, roots rock, indie, indie rock, singer-songwriter, pop rock, americana | americana, country, singer-songwriter | americana, country, folk, singer-songwriter, folk rock, alt-country, roots rock, indie folk, indie, indie rock",Rounder,17.62,43.25,33.76
Zara Larsson,Midnight Sun,89.03,39.87,10,"electropop, pop, dance-pop, synthpop, dance pop, female vocalist, swedish, sweden",Sommer House/Epic,21.53,46.52,71.18
Rico Nasty,LETHAL,88.95,41.61,15,"female vocalist, rap, trap",Fueled By Ramen,29.29,70.35,70.19
Great Grandpa,"Patience, Moonbeam",88.91,42.05,48,"female vocalist, indie rock, indie, noise pop, grunge, rock, alternative rock, usa, american, indie pop | female vocalist, indie rock, indie, noise pop, grunge, rock, usa, american, alternative rock, noise | not grunge, these tags suck, female vocalist, indie rock, indie",Run For Cover Records,22.82,12.76,53.59
Runnner,A Welcome Kind of Weakness,88.78,49.54,22,"folk, indie folk, indie, indie rock, ambient, usa, rock, dream pop, folk rock, alt country | folk, indie folk, indie rock, indie, rock, usa, ambient, folk rock, alt country, dream pop",Run For Cover Records,14.35,9.64,61.02
Ava Max,Don't Click Play,88.74,42.68,24,"female vocalist, pop, electropop | female vocalist, pop, electropop, american, electronic, usa, dance, dance-pop, synthpop, dance pop",Atlantic Records,20.08,60.96,59.7
SYML,Nobody Lives Here,88.69,34.89,22,"indie, indie pop, dream pop, pop, american, chillout, electronic, folk, post-rock, usa",Nettwerk Music Group,20.62,18.61,53.72
John K,SALT + LIGHT,88.52,45.92,26,"indie pop, lo-fi, pop, american, indie, alternative, singer-songwriter, florida, united states, people i know",Epic,24.69,51.89,53.88
Joey Bada$$,Lonely At The Top,88.32,28.3,21,"hip hop, rap, boom bap, underground hip hop | hip hop, rap | hip hop, rap, sexy drill, dark r&b",Columbia,24.75,58.58,40.05
Key Glock,Glockaveli,88.31,34.72,18,"trap, rap, hip-hop, hip hop, memphis, gangsta rap, united states",Key Glock,29.56,55.04,69.04
Panchiko,Ginkgo,88.17,32.46,13,"indie, rock, alternative rock, indie pop, indie rock, downtempo, pop rock, dream pop, psychedelia, neo-psychedelia | shoegaze, experimental hip hop, alternative hip hop, experimental",Nettwerk Music Group,36.15,48.89,46.19
Vundabar,Surgery and Pleasure,87.81,41.86,11,"indie rock, surf rock, garage rock",Loma Vista Recordings,25.49,44.21,65.45
Deep Sea Diver,Billboard Heart,87.8,36.88,30,"female vocalist, indie, indie rock | female vocalist, indie, indie rock, folk, ambient, seattle, rock, indie pop, pop, alternative",Sub Pop Records,21.74,35.94,56.05
Cardi B,AM I THE DRAMA?,87.66,20.0,17,"female vocalist, hip-hop, rap | new jack swing | afrobeats",Atlantic Records,1.0,35.32,36.71
The Beths,Straight Line Was A Lie,87.47,41.24,40,"female vocalist, indie rock, new zealand | indie rock, power pop, indie, rock, alternative, pop rock, bobcore | power pop, indie, indie pop, indie rock, female vocalists, new zealand, break up album",Anti/Epitaph,14.31,34.11,68.64
Eem Triplin,Melody Of A Memory,87.4,40.94,13,"alternative r&b | trap soul | hip hop, trap, pop rap, usa, trippy, trap rap, plugnb, jewelxxet, sample drill",Eem Triplin/RCA Records,40.4,31.73,42.83
Daffo,Where the Earth Bends,87.22,41.17,12,"bedroom pop, garage rock, indie, indie rock, usa, philly, lo-fi",Concord Records,18.01,42.62,67.41
Youth Lagoon,Rarely Do I Dream,87.11,42.7,24,"indie pop, trip-hop, indie rock, indie electronic, singer-songwriter, americana, lo-fi, indie, chillwave | indie pop, dream pop, art rock, bedroom pop, art pop, lo-fi, indie, chillwave",Fat Possum,16.29,60.62,45.05
PUP,Who Will Look After The Dogs?,87.08,24.02,45,"midwest emo, indie punk, emo, punk, folk punk, power pop | pop punk, indie rock, power pop, post-hardcore, emo, favorite albums, punk rock, hardcore punk | punk rock, punk, indie rock",Rise Records,22.58,22.58,78.05
Florist,Jellywish,87.02,47.15,20,"female vocalist, indie pop, lo-fi, indie folk, folk, usa, indie, pop, american, folk pop | indie folk, folk, ambient, indie, singer-songwriter, calm, indie pop, usa, pop",Double Double Whammy,20.81,31.64,68.85
The Altons,Heartache in Room 14,86.86,42.05,10,"soul, usa, psychedelic, daptone, los angeles, chicano soul, united states, penrose, souldies",Daptone Records,25.54,56.46,45.76
Fruit Bats,Baby Man,86.74,31.79,10,"indie, folk, indie pop, indie rock, lo-fi, indie folk, american, folk rock, rock, alternative",Merge Records,37.38,46.58,64.63
Madi Diaz,Fatal Optimist,86.64,42.57,77,"female vocalist, indie, nashville, americana, alt-country, kickasstic, recommended, pay attention, singer-songwriter, folk | digital, own, female vocalist, indie, nashville | female vocalist, indie, nashville",Anti/Epitaph,12.96,27.09,78.73
M Ross Perkins,"What's the Matter, M Ross?",86.38,42.67,30,"power pop, folk, indie rock, americana, folk rock, indie folk, folk pop, neo-psychedelia | power pop, americana, neo-psychedelia",Karma Chief Records,34.14,53.44,57.93
Ruston Kelly,Dirt Emo Vol. 2,86.33,49.42,21,"americana, alt country | americana, country, singer-songwriter, folk, alt-country, folk rock, indie, nashville, pop, alternative | americana, country, singer-songwriter",Rounder,17.62,21.39,53.28
Cola Boyy,Quit to Play Chess,86.32,31.98,22,"retro pop | funk, disco, pop, usa, electronic, synth pop, psychedelic pop, melodic, reflective, introspective | melodic, reflective, introspective, gentle, earnest, uplifting, yearning, funk, disco, pop",Record Makers,33.19,69.1,52.77
DOPE LEMON,Golden Wolf,86.31,37.12,9,"australian, indie, folk, indie folk, australia, alternative, indie rock, indie pop, rock, soul",BMG Rights Management (Australia) Pty Ltd.,17.28,50.56,53.61
MØ,Plæygirl,86.26,58.21,44,"electropop, pop, álbuns ✅, female vocalist, indie pop, danish | female vocalist, indie pop, danish, dream pop, indie, pop, electronic, chillout, chill, world | female vocalist, indie pop, danish",Chess Club/RCA Victor,21.04,29.26,65.0
Cavetown,SONGS I LIKE IN 2025,86.24,42.44,10,"female vocalist, pop, indie, indie pop, bedroom pop, lo-fi, british, queer, indie rock, alternative",Many Hats Distribution,18.53,15.04,47.65
Jacob Slade,Brain Fog,86.19,62.43,50,"acoustic, indie pop, singer-songwriter, usa, diy, midwest, milwaukee, wisconsin, wi",JS Records,16.65,42.42,70.11
Rachel Chinouriri,Little House,86.13,45.74,15,"female vocalist, pop, indie pop, indie, singer-songwriter, rnb, british, alternative, britpop, electronic | singer-songwriter, alternative, indie pop, indie rock, pop rock, rnb, english, bedroom pop | indie pop, indie rock, pop rock, cozy, female vocalist, pop, indie",Parlophone UK,16.34,57.53,74.9
CMAT,EURO-COUNTRY,86.07,34.47,36,"female vocalist, irish, country | female vocalist, irish, country, indie pop, alt-country, folk pop, indie, folk, pop rock, solo | indie pop, singer-songwriter, alt-country, urban cowboy",CMATBABY,17.23,24.5,18.91
Jensen McRae,I Don't Know How But They Found Me!,86.04,22.38,11,"female vocalist, indie pop, indie, singer-songwriter, usa, folk rock, indie folk, folk pop, los angeles",Dead Oceans,21.11,32.48,43.43
Sunny War,Armageddon In A Summer Dress,86.01,41.46,18,"folk punk, americana | folk punk, americana, hardcore punk | albums, female vocalist, folk, singer-songwriter","New West Records, LLC",15.59,26.08,82.99
Sharon Van Etten,Sharon Van Etten & The Attachment Theory,85.48,36.61,120,"folk, folk rock, indie, female vocalist, singer-songwriter, acoustic | rock, folk | indie, digital, rock, folk, indie rock, female vocalists, singer-songwriter",Jagjaguwar,18.73,23.25,68.28
Jeanines,How Long Can It Last,85.1,43.55,26,"female vocalist, indie pop, jangle pop, indie, pop, indie rock, twee, twee pop, usa | twee pop, jangle pop",Slumberland Records LLC,24.47,58.91,56.34
Floodlights,Underneath,85.02,32.23,33,"indie rock, post-punk, australia | indie rock, post-punk, australia, potographed",[PIAS] Australia,23.05,10.06,62.78
Denison Witmer,Anything At All,85.02,35.89,10,"baroque pop | singer-songwriter, indie, folk, acoustic, mellow, indie rock, alternative, american, christian, indie folk",Asthmatic Kitty,1.0,33.98,65.16
Σtella,Adagio,84.61,40.03,8,"female vocalist, indie pop, greek",Sub Pop Records,28.61,60.08,47.19
Heather Maloney,Exploding Star,84.59,42.83,10,"female vocalist, folk, americana, beautiful, american, daytrotter",Signature Sounds Recordings,26.47,41.58,48.72
Matt Maeson,A Quiet and Harmless Living,84.42,17.48,36,"indie, indie rock, indie pop, american, alternative, blues rock, my top songs, rock, alternative rock, folk | indie rock, indie, alternative, indie pop, blues rock, virginia, american, my top songs, rock, folk",Atlantic Records,23.81,33.15,45.52
Franz Ferdinand,The Human Fear,84.39,35.29,11,"indie rock, new wave, glam rock, dance punk, post punk revival, laut - vorchecking, indie, rock, alternative",Domino Recording Co,22.91,48.89,74.52
The Beaches,No Hard Feelings,84.36,40.73,22,"female vocalist, indie rock, rock",The Beaches,17.21,40.37,74.24
Petey USA,The Yips,84.08,41.32,12,Indie-Rock,Capitol Records,24.42,67.39,55.31
Nao,Jupiter,83.65,43.04,11,"pop, soul, rnb, rhythm and blues, nu-disco",RCA Records Label,20.02,55.19,57.22
Will Smith,Based on a True Story,83.63,24.95,9,"jazz rap | gospel, gospel r&b, worship | hip-hop, trap",SLANG X Influence,1.0,86.64,45.14
Estelle,Stay Alta,83.45,26.48,16," | neo soul, alternative r&b | neo soul",Fab Factory,21.24,55.18,60.26
Momma,Welcome to My Blue Sky,83.41,25.61,36,"female vocalist, indie rock, indie, alternative, rock, usa, grunge, indie pop, garage, pop | indie rock, indie, rock, grunge, alternative, emo, usa, car | female vocalist, indie rock, indie",Polyvinyl Records,22.95,59.54,52.38
Adwaith,Solas,83.04,57.81,92,"rock, folk, indie rock | rock, folk, indie rock, art rock, welsh, wales, alternative, uk, jangle pop, shoegaze",Libertino Records,28.87,43.42,58.31
Jens Lekman,Songs for Other People's Weddings,82.9,32.82,17,"swedish, singer-songwriter, indie pop, indie, pop, chamber pop, twee, scandinavian, sweden, folk | baroque pop, swedish pop",Secretly Canadian,21.61,18.95,34.15
Charlie Houston,Big After I Die,82.59,25.08,9,"female vocalist, indie pop, pop, canadian, electropop, indie, indie rock, canada",Arts & Crafts,19.73,70.64,78.05
Sam Fender,People Watching,82.44,20.89,22,"indie rock | indie rock, indie, rock, british, heartland rock, singer-songwriter, uk, pop rock, england, alternative rock",Polydor Records,13.58,45.0,75.84
Cheekface,Middle Spoon,82.1,51.62,45,"dance punk, indie rock, power pop, post punk, geek, geek rock, nerd, post-punk, indie, rock | indie rock, power pop, post punk, pop punk, garage rock, geek rock | jazz rap, experimental hip hop",Cheekface,17.37,64.28,70.94
Peel Dream Magazine,Taurus,81.9,54.79,8,"female vocalist, dream pop, indie pop, indie, shoegaze, alternative rock, indie rock, usa, post-punk, psychedelic pop",Topshelf Records,22.81,26.17,39.32
Anxious,Bambi,81.76,53.24,22,"female vocalist, melodic hardcore, emo | punk, emo",Run For Cover Records,24.54,32.85,81.11
Aesop Rock,Black Hole Superette,81.73,16.72,18,"salescore, hip-hop, underground hip-hop, rap | underground hip hop, experimental hip hop, alternative hip hop | underground hip hop, experimental hip hop, alternative hip hop, garage rock, blues rock",Rhymesayers,33.07,51.89,36.38
Yellow Ostrich,TRYING,81.41,25.27,84,"indie, folk, american, acoustic, freak folk, birp, indie rock, lo-fi, experimental, usa | mixtaperoom, indie, folk, american | indie, folk, american, acoustic, freak folk, indie rock, lo-fi, birp, experimental, usa",Birdhaus Records,15.15,25.13,60.29
AJ Tracey,Don't Die Before You're Dead,81.09,19.06,23,"grime, rap, hip-hop, hip hop, british, uk garage, uk, uk hip hop, hiphop, english | grime, uk grime, uk drill, drill",Revenge Records,34.65,54.02,63.96
Uwade,Florilegium,80.87,24.54,18,"indie pop, acoustic, indie, pop, new york, singer-songwriter, usa, nigeria, singer songwriter",Ehiose Records,24.54,18.57,35.88
LISA,Alter Ego,80.84,22.61,15,"k-pop | k-pop, rap | k-pop, afrobeats",Lloud Co./RCA Records,14.78,40.62,55.42
Japanese Breakfast,For Melancholy Brunettes (& sad women),80.77,16.36,72,"female vocalist, dream pop, indie pop, indie, indie rock, lo-fi, shoegaze, synthpop, chamber pop, american | dream pop, indie pop, indie rock, indie, lo-fi, female vocalist, synthpop, chamber pop | indie pop, dream pop, chamber pop, synthpop, indie rock, sunshine pop, female vocalist, indie, lo-fi",Dead Oceans,21.64,27.52,59.75
Ora the Molecule,Dance Therapy,80.76,43.64,12,"electronic, pop, indie pop, indie, alternative, synth pop, post-punk, norwegian, synthpop, alternative pop",Mute,28.91,79.75,55.46
Das Beat,Frau Fatal,80.49,20.56,13,"new wave, coldwave, electronic, synth pop, new rave, synthpop",Arbutus Records,42.75,42.42,84.52
Nadia Reid,Enter Now Brightness,80.24,29.26,10,"female vocalist, folk, new zealand, singer-songwriter, indie folk, indie, acoustic, folk rock, rock",Chrysalis Records,27.38,33.02,49.28
Matt Pond PA,The Ballad Of The Natural Lines,80.2,26.79,23,"indie folk, folk pop, folk | indie, indie rock, indie pop, singer-songwriter, alternative, rock, acoustic, folk, american, pop",Sonder House,21.94,43.69,58.21
BETWEEN FRIENDS,WOW!,80.08,16.8,26,"female vocalist, indie pop, electronic | indie pop, my top songs, electropop, electronic, los angeles, dance-pop, alt-pop, bedroom pop, indietronica",10K Projects,15.98,44.71,61.32
Rose Cousins,Conditions of Love Vol. 1,79.97,56.6,10,"female vocalist, folk, singer-songwriter, canadian, indie, canada, canadians, female, bluegrass, pop",Nettwerk Music Group,18.11,15.68,30.44
Matt Embree,Orion,79.38,40.11,7,"indie, alternative, singer-songwriter, witnessed",Born Losers Records,42.75,63.04,50.07
Adult Mom,Natural Causes,79.29,11.04,18,"female vocalist, lo-fi, folk, indie pop, bedroom pop, indie, american, bedroom, non-binary",Epitaph,1.0,46.09,43.84
Noah Cyrus,I WANT MY LOVED ONES TO GO WITH ME,78.95,39.74,25,"indie folk, folk, indie | alt country | country, folk, emotional, country pop, folk pop, female vocalist, pop, disney",Records/Columbia,21.5,13.96,59.12
Gabi Hartmann,La femme aux yeux de sel,78.71,30.18,25,"french jazz, vocal jazz, gnawa | french jazz, vocal jazz | vocal jazz, jazz, pop jazz",Masterworks,38.03,60.83,54.65
St. Lucia,Fata Morgana: Dawn,78.64,29.71,10,"female vocalist, synthpop, electronic",Nettwerk Music Group,18.88,40.29,71.78
corook,committed to a bit,78.46,42.66,13,"female vocalist, singer-songwriter, indie pop, indie, pop, usa, queer, alternative pop, non-binary artist",Atlantic Records,16.02,26.76,37.86
Slow Joy,A Joy So Slow At Times I Don't Think It's Coming,78.07,31.09,13,"shoegaze, indie, grunge, alternative rock, american, alt-rock",Mick Music,36.41,68.26,33.58
Big Freedia,Pressing Onward,78.07,16.98,14,"bounce, rap, new orleans, dance, hip hop, hip-hop, sissy bounce, queer, big freedia, pop | new orleans bounce, bounce, ballroom vogue, alternative r&b | new orleans bounce, bounce, ballroom vogue, r&b",Queen Diva LLC,28.59,78.2,60.42
JID,God Does Like Ugly,77.55,15.76,25,"rap, hip-hop, conscious hip-hop, trap, hardcore hip-hop, favourite albums, southern hip-hop, saturn in capricorn | southern hip hop, crunk | alternative r&b",Dreamville/Interscope Records,1.0,36.74,38.39
Dev Lemons,SURFACE TENSION,77.14,12.29,8,"indie pop, rnb, electronic, experimental, thanks, indie, pop, hyperpop, stinky, indie rock",Dev Lemons,25.32,76.99,60.13
The Taxpayers,Circle Breaker,77.12,42.87,13,"punk, folk punk, folk",Ernest Jenning Record Co.,27.95,43.5,59.48
Jack Van Cleaf,JVC,76.74,34.35,12,"country, red dirt | folk, indie, singer-songwriter, indie folk",Dualtone Music Group,15.06,63.08,56.46
Wet,Two Lives,76.18,19.82,21,"alternative, female vocalist, indie pop, electronic | female vocalist, indie pop, electronic, alternative rnb, ambient, indie, punk, american, usa, synthpop | dubstep, dub",30SF,17.15,37.15,42.41
Neal Francis,Return To Zero,76.1,17.58,10,"rock, funk, indie rock, usa, blues, psychedelic rock, blues rock, chicago, united states, disco | retro soul",ATO Records,1.0,62.61,49.99
Gigi Perez,"At The Beach, In Every Life",76.02,10.71,33,"indie, folk, singer-songwriter, pop, indie pop, usa, acoustic, chamber pop, baroque pop, dream pop | singer-songwriter, indie, folk, pop, indie pop, usa, acoustic, chamber pop, baroque pop, dream pop","Outtahere, LLC / Island Records",16.98,48.09,42.55
Polo & Pan,22:22,75.48,14.46,17,"french indie pop, french house | french indie pop, french house, indie r&b | french indie pop, french house, chanson, variété française",Universal Music Division Virgin Music Distribution Deal,31.79,52.48,36.99
IDER,Late to the World,75.46,19.35,12,"female vocalist, electronic, pop, indie, british, indie pop, electronica, electropop, london",Nettwerk Music Group,27.96,27.34,76.78
Fotoform,Grief is a Garden (Forever in Bloom),75.38,21.22,9,"post-punk, shoegaze, dream pop, new wave, dream rock",Dismal Nitch,38.17,46.51,61.08
I'm With Her;Sarah Jarosz;Aoife O'Donovan;Sara Watkins,Wild and Clear and Blue,75.09,17.6,11,"bluegrass, newgrass, indie folk, americana, folk",Rounder,1.0,42.79,39.56
Ivy,Traces of You,74.9,24.94,10,"female vocalist, indie, indie pop, chillout, pop, american, trip-hop, korean, dream pop",Bar/None Records,28.09,45.09,65.41
Margaret Glaspy,The Golden Heart Protector,74.78,10.1,5,"jazz | baroque pop, indie folk | chill, rock, new, short, full, serious, female vocalist, singer-songwriter, indie rock",ATO,1.0,37.95,45.92
Miya Folick,Erotica Veronica,74.71,30.0,55,"iykyk, pop music masterclass, female vocalist, singer-songwriter, indie | female vocalist, singer-songwriter, indie, indie pop, pop, usa, folk, alternative, indie rock, american | female vocalist, singer-songwriter, indie",Nettwerk Music Group,30.64,57.95,63.18
Miso Extra,Earcandy,74.16,36.31,11,"new rave, alternative dance | electronic, indie pop, synthpop, pop, british, synth pop | lo-fi house",Transgressive,25.55,45.09,46.68
JENNIE,Ruby,73.12,17.69,14,"peter, k-pop, pop, r&b, kpop, aoty, female vocalist, blackpink, jennie | k-pop | k-pop, pop",OA Entertainment/Columbia,1.0,53.27,44.37
Ashley Monroe,Tennessee Lightning,73.01,11.7,28,"country, power pop, jangle pop | country, classic country, bluegrass, honky tonk, traditional country, outlaw country | female vocalist, country, singer-songwriter, ashley monroe, usa, pop, all, contemporary country, country pop","Mountainrose Sparrow, LLC",1.0,11.06,34.25
We Are Scientists,Qualifying Miles,72.89,11.3,24,"indie, indie rock, alternative, rock, alternative rock, american, indie pop, we are scientists, post-punk | indie, indie rock, alternative",Groenland Records,23.48,22.29,60.05
Charles Wesley Godwin,Lonely Mountain Town,72.84,23.17,7,"country, folk, americana, american, singer-songwriter, alternative country, west virginia, heartland rock | red dirt, country",Big Loud Records,28.69,19.91,40.56
Cuco,Ridin',72.83,12.68,11,"dream pop, experimental, indie pop, rnb, indie, post-rock, bedroom pop, noise rock, singer-songwriter, american | bedroom pop","Walk The Trail, Inc, under exclusive license to Interscope Records",24.28,51.35,48.29
Chris Crack,White People Think God Left Them In Charge,71.47,14.43,14,"hip-hop, chicago, rap, hip hop, underground hip hop, underground hip-hop, usa, united states, american, illinois | boom bap, experimental hip hop, chicago drill | boom bap, experimental hip hop",New Deal Collectives,28.01,67.76,36.29
Smif-N-Wessun,Infinity,71.29,12.8,14,"boom bap, hip hop, underground hip hop | boom bap, hip hop, new jack swing, quiet storm | hip-hop, rap, underground hip-hop",Bucktown USA Entertainment/Duck Down Music Inc.,29.85,50.18,45.26
Painting,Snapshot Of Pure Attention,71.29,8.69,6,"electronic, pop, experimental post-punk",Sinnbus,47.44,12.15,46.75
Kris Delmhorst;Rose Cousins,Ghosts in the Garden,71.02,15.62,11,"folk, americana, singer-songwriter, bluegrass | folk, americana, singer-songwriter, ambient folk, indie folk | folk, americana, singer-songwriter, southern gothic",CEN,1.0,9.53,50.08
Laufey,A Matter of Time,70.07,7.82,28,"vocal jazz, jazz pop, discgetologist, female vocalist, jazz, pop | female vocalist, jazz, bossa nova",Vingolf Recordings,24.65,47.37,58.69
ILLIT,bomb,68.92,9.6,5,"korean, k-pop, kpop, buwygfibsara, switchexy, moka do rafa",BELIFT LAB,1.0,54.4,60.78
Lido Pimienta,La Belleza,68.91,8.18,18,"female vocalist, colombia, colombian | art pop, spanish, electronic, alternative, experimental, latin, singer songwriter, latin pop, latin alternative",Anti/Epitaph,30.31,13.85,45.37
David Ramirez,All The Not So Gentle Reminders,67.95,3.05,24,"folk, singer-songwriter, acoustic, indie, opening bell, pop, avant-garde, texas, all, alternative",Blue Corn Music,13.75,19.9,77.42
Big Wild,Wild Child,67.74,12.07,50,"electronic, hip-hop, all, glitch-hop, glitch hop, instrumental hip-hop, hip hop, abstract hip-hop, usa, american | electronic, hip-hop, glitch-hop, instrumental hip-hop, hip hop, ambient, usa, american, glitch hop, abstract hip-hop",Giant Music,33.15,19.33,50.34
Alan Sparhawk;Trampled by Turtles,Alan Sparhawk with Trampled by Turtles,67.59,20.27,9,"bluegrass, newgrass, americana, folk, alt country",Sub Pop Records,1.0,50.39,63.9
Nation of Language,Dance Called Memory,67.41,12.77,20,"synthpop, post-punk, new wave, electronic, crank wave, usa, indie pop, synth pop, male vocalists, minimal wave | synthpop, post-punk, new wave",Sub Pop Records,1.0,29.55,47.42
SG Lewis,Anemoia,66.87,5.86,14,"hyperpop | electronic, chillwave, pop | nu-disco, disco, electronic, electropop, pop, british, dance, dance-pop, synthpop",Forever Days / Positiva,24.66,43.96,58.62
Neko Case,Neon Grey Midnight Green,64.04,10.36,12,"female vocalist, alt-country, singer-songwriter, folk, indie, country, americana, american, indie rock",Anti/Epitaph,16.98,23.13,44.66
Saba;No ID;BJ The Chicago Kid;Eryn Allen Kane,From The Private Collection of Saba and No ID,63.97,4.72,6,"neo soul | alternative r&b | alternative r&b, retro soul","From The Private Collection, LLP",1.0,46.09,39.25
Somebody's Child,When Youth Fades Away,63.11,12.76,11,"indie pop, indie rock, pop rock, irish, ireland, indie-pop",Frenchkiss Records,1.0,33.08,74.44
JR JR,Back to the Land,62.77,1.0,110,"saturn in libra, indie, alternative, electronic | indie, alternative, electronic, pop, indie pop, indie rock, american, detroit, all",Love is EZ,13.15,38.98,54.89
Kameron Marlowe,Sad Songs for the Soul,62.51,1.0,10,"country, my top songs",Columbia Nashville,32.35,23.08,61.89
Roy Woods,Dark Nights,60.91,1.0,9,"rnb, hip-hop, ovo, soul, alternative rnb, rap, canadian, pbrnb, roy woods, experimental",OVO Sound,26.62,33.23,48.27
Sedona,Getting Into Heaven,60.9,5.76,11,"female vocalist, indie pop, acoustic, aor, indie rock, soft rock, synthpop, france, buddamat, ambient-indie | bedroom pop, indie pop",Kiss This Records,16.24,22.5,63.02
Justin Bieber,SWAG,59.98,9.9,64,"sexy drill, jersey club | female vocalist, pop, black metal, rnb, justin bieber, hip-hop, r&b, canadian, male vocalists, teen pop | justin bieber, justice","JRC Entertainment, LLC / ILH Production Co. LLC / Def Jam Recordings",20.52,62.54,47.35
Gordi,Like Plasticine,58.73,9.02,60,"female vocalist, indie pop, heavy metal | female vocalist, indie pop, heavy metal, indie, australian, pop, singer-songwriter, australia, hard rock, serbian | indie, pop, indie pop, female vocalists, singer-songwriter, australia",Mushroom Music,14.9,27.3,55.38
Flora from Kansas,Homesick,57.76,1.0,6,"indie, alternative, singer-songwriter, dream pop, kansas",Melodic,21.86,37.78,47.3
SASAMI,Blood On the Silver Screen,57.65,1.45,25,"rock, alternative rock, indie rock, debut album, female vocalist, shoegaze, singer-songwriter | bedroom pop | female vocalist, shoegaze, indie rock",Domino Recording Co,9.89,45.79,50.27
Hotline TNT,Raspberry Moon,57.59,1.0,11,"shoegaze, indie rock, noise rock",Third Man Records,21.31,37.28,60.63
Morgan Saint,Out Of The Blue,57.32,1.0,11,"female vocalist, electronic, indie, pop, chill, experimental, indie pop, experimental pop, minimal, dream pop",4Love,19.66,50.05,58.68
Lawn,God Made The Highway,56.68,1.58,11,"alternative rock, indie rock, dutch, rock, garage rock, progressive rock, indie, netherlands, alternative, post-rock",Exploding In Sound Records,29.76,24.75,65.11
Sunflower Bean,Mortal Primetime,55.17,1.0,20,"dream pop, neo-psychedelia, jangle pop, psychedelic pop, sunshine pop, female vocalist, indie rock, psychedelic rock | female vocalist, indie rock, psychedelic rock, psychedelic, indie, rock, usa, new york, indie pop, psychedelic pop",Lucky Number,14.38,57.57,61.37
Joshua Burnside,Teeth of Time,54.31,1.0,10,"folk, indie, experimental folk, electronic, alternative, emo, experimental, singer-songwriter, uk, singersongwriter",Nettwerk Music Group,15.82,22.08,57.28
Arm's Length,There's A Whole World Out There,53.23,1.0,12,"emo, alternative, canadian, pop punk, indie, indie rock, post-hardcore, midwest emo, alternative rock, emo pop",Pure Noise Records,1.0,14.27,69.79
Curtis Harding,Departures & Arrivals: Adventures of Captain Curt,52.97,1.0,11,"soul, rnb, rhythm and blues, indie, usa, american, funk, male vocalist",Anti/Epitaph,26.59,41.71,42.21
Kina Grannis;Imaginary Future;people i like;Mree;Henri Bardot,people i like,52.79,1.0,10,"acoustic pop, folk pop, ambient folk",KG Records,1.0,39.99,35.55
kendall lujan,Lucky Penny,51.68,1.0,10,"Singer-Songwriter, Folk",ROLA Records,4.51,18.15,40.66
Blu;August Fanon;Chris Clarke;Mickey Factz,Forty,51.64,2.65,11,"jazz rap, underground hip hop, alternative hip hop | jazz rap, underground hip hop, christian hip hop, spoken word | jazz rap, underground hip hop",Nature Sounds,1.0,57.37,43.01
Subsonic Eye,Singapore Dreaming,51.36,13.17,10,"shoegaze, lo-fi, dream pop, alternative, singapore, indie, dreampop, indie pop, indie rock, new wave",Topshelf Records,1.0,46.51,55.97
shame,Cutthroat,49.6,1.0,12,"post-punk, crank wave, post-brexit new wave, rock, indie rock, art punk, british, post-brexitcore, punk, indie",Dead Oceans,17.27,47.38,60.03
Pink Skies,Feels So,49.39,1.0,10,"indie, psychedelic, alternative, psychedelic pop, psychedelic rock, rock, indie pop, usa, dream pop, synthpop | psychedelic, indie, alternative, psychedelic rock, chillwave, psychedelic pop, synthpop, indie pop, good, usa",Hive Music / Position Music,22.2,49.22,48.13
Clipse;Pusha T;Malice,Let God Sort Em Out,49.18,1.0,13,"southern hip hop | southern hip hop, r&b | southern hip hop, hip hop",Roc Nation Distribution,11.33,46.26,40.47
Rod Wave,Sinners (Original Motion Picture Soundtrack),48.96,5.61,25,"blues, classic blues, blues rock, modern blues, soul blues, country blues, jazz blues, southern gothic | folk, americana, southern gothic, bluegrass | rap, trap, hip-hop, hip hop, florida, rnb, soul, sad, avant-garde, american",Masterworks,1.0,18.4,46.69
Old Pup,Spider Towns,48.46,1.0,11,Folk,1099830 Records DK2,1.0,30.47,43.15
Ken Pomeroy,Cruel Joke,48.14,2.79,12,"country, folk, usa, americana, bluegrass, indie folk, country folk | americana, alt country, red dirt",Rounder,27.3,31.31,78.87
Kesha,. (...),46.99,1.0,17,"electropop, dance pop, hi-nrg, hyperpop, bubblegum bass, deluxe, female vocalist, pop, dance | hyperpop",Kesha Records,20.77,17.3,56.58
Julien Baker;TORRES,Send A Prayer My Way,46.54,1.0,12,"ambient folk, art pop",Matador,1.0,37.07,37.69
Courting,"Lust for Life, Or: 'How To Thread The Needle And Come Out The Other Side To Tell The Story'",42.88,1.0,24,"post-punk, crank wave, indie rock, art punk, dance-punk, garage rock, post-brexit new wave, british, rock, uk | indie rock, pop rock, post-punk revival, post-punk, crank wave, art punk | post-punk, crank wave, indie rock",Lower Third,21.79,46.55,42.89
anamē;Lydmor,Hopes & Fears,39.6,26.9,12,"melodic house, progressive trance, trance | progressive house, swedish, house, melodic house, electronic, techno, progressive, deep house, sweden, deep progressive house | melodic house, progressive trance, trance, afro tech, afro house, melodic techno, organic house",Anjunabeats,37.15,21.99,57.34
The Knocks;Dragonette,Revelation,31.81,1.0,9,"nu disco, alternative dance",Neon Gold,1.0,47.43,60.37
