New Order,
CATHEDRALE,
Morgan Saint,
Valley Palace,
The Altons,
Jack Garratt,
Michigander,
Stars,
Lee Ann Womack,
Biig Piig,
Heartworms,
Adrian Lyles,
Gigi Perez,
Orillia,
Daisy the Great,
Beach Bunny,
Chezile,
Kate Bollinger,
Fightmilk,
Doechii,
Richard Laviolette,
Mt. Misery,
Ghost Tour,
Fontaines D.C.,
ROSÉ,
Rosie Tucker,
Bedrooms,
Goth Babe,
Joe Goddard,
Blossoms,
Infinity Song,
Bats,
Radiohead,
Brother Bird,
Pale Waves,
The Lostines,
Say Lou Lou,
Kendrick Lamar,
Radical Face,
Modest Mouse,
The Linda Lindas,
Haley Heynderickx,
Ab-Soul,
Our Girl,
Richard Swift,
Tyler,
The Menzingers,
Kiiara,
Melissa Carper,
Pom Pom Squad,
Wild Rivers,
Thelma Plum,
Jean Dawson,
AUDREY NUNA,
Lukas Nelson,
Ladybird,
Current Joys,
Harmony,
Ada Lea,
Cage The Elephant,
Soccer Mommy,
Merce Lemon,
Christian Lee Hutson,
Sunset Rubdown,
BLACKSTARKIDS,
Honeyglaze,
MC Lyte,
Milton Nascimento,
Jamie xx,
Glom,
My Brightest Diamond,
Maximiano,
Suki Waterhouse,
The Garrys,
Charly Bliss,
We Are The Willows,
Quivers,
Bathtub Cig,
Oceanator,
Silversun Pickups,
The Softies,
Wishy,
Heems,
The Secret Sisters,
Ray LaMontagne,
Common,
beabadoobee,
Tommy Richman,
Katy Kirby,
Brigitte Calls Me Baby,
Bess Atwell,
Hailaker,
Erick the Architect,
Childish Gambino,
Corinne Bailey Rae,
Conor Lynch,
Cassandra Jenkins,
Kevin Krauter,
Asake,
Naima Bock,
Sofi Tukker,
Pouty,
Abby Sage,
Omar Apollo,
Dehd,
Queen of Jeans,
meg elsier,
Rachel Chinouriri,
Bleachers,
Kaitlin Butts,
Carly Cosgrove,
Frank Sinatra,
Annabel,
Everyone Asked About You,
Esther Rose,
Young Jesus,
Mr. Sam & the People People,
The Decemberists,
Dawes,
JID,
Clementine Was Right,
Cat Power,
Royel Otis,
Belle and Sebastian,
Friko,
CARR,
Justice,
David Kilgour,
Hovvdy,
Local Natives,
Janelane,
Scenic Route to Alaska,
Sophie B. Hawkins,
Marika Hackman,
Adrianne Lenker,
Phosphorescent,
Bnny,
Sam Evian,
Eddie Vedder,
Ellie Jackson,
Iggy Pop,
Dent May,
Klaus Johann Grobe,
Blu DeTiger,
Covey,
Devendra Banhart,
Barely Civil,
Waxahatchee,
Kacey Musgraves,
In The Valley Below,
A Tribe Called Quest,
Blind Pilot,
girl in red,
Mazzy Star,
CeeLo Green,
Forrest Frank,
The Rhythm Method,
Dominic Fike,
Akintoye,
The Von Tramps,
Astral Bakers,
Varsity,
Nate Ruess,
Stay Inside,
Angus & Julia Stone,
REYNA,
Hurray For The Riff Raff,
John Hartford,
Gang of Youths,
M83,
Plants and Animals,
The Red Pears,
Frank Ocean,
Narrowhaven,
Off-Leash,
Everything Everything,
Compulsive Gamblers,
Yard Act,
Faye Webster,
Twin Peaks,
Botticelli Baby,
Willi Carlisle,
Michael Kiwanuka,
Ahead to the Sea,
Thee Sacred Souls,
Fiji Blue,
Nerina Pallot,
a-ha,
James Supercave,
Dabin,
The Delta Riggs,
Serena Ryder,
Adriano Celentano,
The Tragically Hip,
The Beth Edges,
t.A.T.u.,
Yumi Arai,
Angèle,
Simon & Garfunkel,
Lewis Capaldi,
Susan Boyle,
The Ivor Cutler Trio,
The Proclaimers,
Lulu,
KT Tunstall,
Annie Lennox,
Biffy Clyro,
Pity Party (Girls Club),
Matt Maltese,
Okkervil River,
Clairo,
Coldplay,
Colour,
Embrace,
Julien Baker,
Frontier Ruckus,
The Cleaners From Venus,
The La's,
Young Marble Giants,
The Joy Formidable,
The Automatic,
MARINA,
El Goodo,
Catfish and the Bottlemen,
Los Campesinos!,
Tom Jones,
Stereophonics,
The Alarm,
Drowners,
Cate Le Bon,
Van Morrison,
Papur Wal,
Nell Mescal,
Stiff Little Fingers,
Hothouse Flowers,
Sinéad O'Connor,
The Cranberries,
Snow Patrol,
The Corrs,
NewDad,
Pillow Queens,
JJ72,
The Pogues,
Matt Pond PA,
San Fermin,
SPRINTS,
The Temptations,
Middle Kids,
Ought,
Travis,
Camp Cope,
Built To Spill,
Creeper,
We Were Promised Jetpacks,
Squirrel Flower,
Hawksley Workman,
The Verve Pipe,
The Weepies,
Jessica Pratt,
Declan McKenna,
Darryl Rahn,
Ducks Ltd.,
Briston Maroney,
Madi Diaz,
Labi Siffre,
Phil Harris,
Billy Preston,
Nina Simone,
The Monkees,
Harry Belafonte,
Terry Reid,
Samia,
The Kinks,
Slaughter Beach,
Vera Sola,
Anika Pyle,
The Last Dinner Party,
Fleet Foxes,
Mother Evergreen,
Leonard Cohen,
Gordon Lightfoot,
Novo Amor,
Cocteau Twins,
OWEL,
The Moth & The Flame,
Spencer Radcliffe,
Tove Lo,
Free Range,
Phoebe Go,
Quarters of Change,
Molly Grace,
Bill Ryder-Jones,
Saint Motel,
Caroline Rose,
Life in Film,
Graham Hunt,
Kevin Abstract,
Heroe,
Green Day,
Max Niemann,
Goldie Boutilier,
Caroline Polachek,
Bone Thugs-N-Harmony,
The Notorious B.I.G.,
Yamê,
Frog,
DEBBY FRIDAY,
slowthai,
Citizen,
LANNDS,
Bella White,
Dua Lipa,
Militarie Gun,
Cut Worms,
Jon Batiste,
Beach House,
Video Age,
Dr. Dog,
Magazine Beach,
Bewilder,
Onyon,
A Beacon School,
Sargasso,
Superviolet,
Cathedral Bells,
Liquid Mike,
Monica Martin,
The Supremes,
Sixpence None The Richer,
Jamila Woods,
Josh Cashman,
2 Chainz,
Teezo Touchdown,
Mon Laferte,
Rick Ross,
Michael Franti & Spearhead,
Tkay Maidza,
Nirvana,
JR JR,
Julia Jacklin,
Dead Man's Bones,
A. Savage,
Charlie Kaplan,
The Creepy Crawlies,
Equipment,
Another Michael,
Angie McMahon,
Kenya Grace,
Glen Hansard,
Bombay Bicycle Club,
Imaginary Future,
This Is The Kit,
Ratboys,
Sampha,
David Byrne,
P.E.,
Ingrid Michaelson,
Noah Cyrus,
Girl Ray,
The Drums,
Ilsey,
Adam Melchor,
Helena Deland,
Troye Sivan,
Jacob Slade,
Sufjan Stevens,
Slow Pulp,
Al Menne,
Serengeti,
Petey USA,
MJ Nebreda,
DURRY,
Cheese People,
Addison Grace,
Cherry Glazerr,
No-No Boy,
saturdays at your place,
carobae,
Yoke Lore,
Hyer,
Claud,
The Front Bottoms,
Rod Wave,
underscores,
Peggy Gou,
Mitski,
Nas,
Windoe,
Shame Gang,
Margaret Glaspy,
Olivia Rodrigo,
Arctic Monkeys,
Being Dead,
The Vaccines,
The Temper Trap,
Supergrass,
Dot Allison,
Joanna Sternberg,
Gus Dapperton,
Great Grandpa,
John Legend,
Buck Meek,
Sincere Engineer,
Jeff Rosenstock,
Tonique & Man,
Who Is She?,
Diners,
Band of Horses,
The Clash,
Robinson & Rohe,
Jess Nolan,
Jocelyn Mackenzie,
KNEECAP,
U2,
Khruangbin,
Doja Cat,
Bonnie Prince Billy,
Cold War Kids,
KSI,
Bebe Rexha,
Kelly Clarkson,
Ashnikko,
War,
Tucker Beathard,
ILLENIUM,
Melanie Martinez,
Charlie Puth,
Fred again..,
Rhiannon Giddens,
PJ Western,
The Clientele,
CHIKA,
Bethany Cosentino,
Post Malone,
Gabriel Coelho,
Noga Erez,
Billie Eilish,
Tessa Violet,
Lil Durk,
Annika Bennett,
MGMT,
The Naked And Famous,
49th & Main,
Metric,
Elijah Wolf,
Outkast,
Albert Hammond Jr,
Counting Crows,
Josie Dunne,
Tobe Nwigwe,
McKinley Dixon,
Sigur Rós,
Killer Mike,
Noel Gallagher's High Flying Birds,
Meshell Ndegeocello,
Loupe,
Annie Bartholomew,
FIZZ,
Hugo Barriol,
J.E. Sunde,
Aaron Smith,
Emmitt James,
Kanye West,
Emile Mosseri,
Jain,
Adi Oasis,
BUG MOMENT,
Drew Holcomb & The Neighbors,
Niall Horan,
Robo Pumpkin,
Chance the Rapper,
Anna St. Louis,
Youth Lagoon,
Patrick Watson,
Kurt Vile,
The Big Moon,
Jess Williamson,
Weyes Blood,
Canyon Spells,
Devon Gilfillian,
Jesca Hoop,
Young the Giant,
The Preatures,
Aquilo,
Cash Savage and the Last Drinks,
Phoebe Bridgers,
Lucy Dacus,
Yellow Ostrich,
Geowulf,
Retirement Party,
U.S. Girls,
Matt Berninger,
Daniel Caesar,
LCD Soundsystem,
Better Oblivion Community Center,
Neutral Milk Hotel,
Ella Fitzgerald,
MØ,
Kalle Mattson,
Frances Quinlan,
Sylvan Esso,
Caravan Palace,
GROUPLOVE,
Vampire Weekend,
The Staves,
Patrick Page,
Mapei,
Diet Cig,
Woodkid,
Francis and the Lights,
Bad Books,
Saintseneca,
Feist,
Ivan & Alyosha,
Samm Henshaw,
Joan Shelley,
Mahalia,
MISSIO,
YACHT,
Albin Lee Meldau,
Fazerdaze,
Floodlights,
The Hunts,
Ra Ra Riot,
Mountain Man,
The Kooks,
Bon Iver,
TWIN XL,
Pacific Air,
Tall Heights,
Janelle Monáe,
Gracie Abrams,
Alvvays,
SOAK,
Hazel English,
Lord Huron,
Ball Park Music,
ASL,
Laura Jean,
Hollow Coves,
Kate Miller-Heidke,
La Roux,
Angel Olsen,
HONNE,
The Avett Brothers,
Gregory Alan Isakov,
Born Ruffians,
Skip Marley,
Sorry,
Alex Lahey,
Anna Burch,
Overcoats,
Future Generations,
Tomberlin,
Day Wave,
Miya Folick,
Johnnyswim,
Rina Sawayama,
High Highs,
Roo Panes,
Freddie Gibbs,
Scott Matthew,
Daughter of Swords,
Sjowgren,
The Moldy Peaches,
Coconut Records,
Marvin Gaye,
TV Girl,
Darren Hanlon,
Courtney Barnett,
Jessica Lea Mayfield,
Yuno,
Orion Sun,
Elsa y Elmar,
Noah And The Whale,
Foxygen,
Melissa Laveaux,
Manchester Orchestra,
Grandaddy,
The Dodos,
Pixies,
The Verve,
Kina Grannis,
Ben Howard,
Brent Faiyaz,
The O'Neill Brothers Group,
Hey Marseilles,
Darlingside,
Hop Along,
Hundred Waters,
Wolf Alice,
Yumi Zouma,
The Shins,
Jealous of the Birds,
Alice Phoebe Lou,
Camera Obscura,
Bad Bad Hats,
Chromeo,
Run River North,
Big Thief,
Moses Sumney,
Vacationer,
Aisha Badru,
Mogwai,
The Last Bison,
Knox Hamilton,
Anna of the North,
Alex Schaaf,
The Mowgli's,
CAKE,
St. Paul & The Broken Bones,
Liza Anne,
Petal,
Lido Pimienta,
Rubblebucket,
Ashe,
Sharon Van Etten,
Snoh Aalegra,
070 Shake,
boygenius,
Two Door Cinema Club,
John Mayer,
Shovels & Rope,
Pure Bathing Culture,
Run The Jewels,
Rogue Wave,
Sunflower Bean,
alt-J,
Oasis,
Joywave,
The Beths,
The Oh Hellos,
Alex Weston,
Raury,
Nick Leng,
POWERS,
Gordi,
Dan Croll,
Sticky Fingers,
Snail Mail,
San Cisco,
Dirty Projectors,
The Roots,
Whitney,
illuminati hotties,
SAULT,
The Silent Years,
Keith Murray,
The Ballroom Thieves,
Fenne Lily,
Cody Chesnutt,
Geographer,
Robyn,
Oh,
Arlo Parks,
Freedom Fry,
Yola,
Ego Ella May,
Dream Wife,
Mr Jukes,
Queen,
Alexi Murdoch,
Nick Mulvey,
RAC,
Gum Country,
Louis The Child,
Sampa the Great,
Sudan Archives,
Veronica Falls,
BØRNS,
Lucy Rose,
Fugees,
Van William,
Ms. Lauryn Hill,
Ten Fé,
Blushh,
Choker,
Ayoni,
2nd Grade,
Hamilton Leithauser,
Nilüfer Yanya,
GRMLN,
The Accidentals,
Taylor Vick,
Bear's Den,
Vagabon,
Kings of Convenience,
Picket Palace,
Zap Mama,
Lisa Hannigan,
Honey Cutt,
Wild Child,
Jay Prince,
Ben Folds,
Rilo Kiley,
Taylor Swift,
La Sera,
Tiny Ruins,
Erykah Badu,
H.E.R.,
God Help The Girl,
Aldous Harding,
Boosegumps,
River Whyless,
HammAli & Navai,
Solange,
Rodrigo y Gabriela,
SoulChef,
MAITA,
Sparks,
Son Lux,
Hinds,
Yowler,
Bahamas,
S. Carey,
Girl Friday,
Tow'rs,
Dizzy,
Arrested Development,
Dolly Mixture,
SALES,
Family of the Year,
Tipling Rock,
Winnetka Bowling League,
Buddy,
Lime Cordiale,
Dolly Parton,
Method Man,
Laura Gibson,
Benjamin Francis Leftwich,
The Barr Brothers,
Twin Forks,
Young Deuces,
Trashcan Sinatras,
James Vincent McMorrow,
Admiral Fallow,
serpentwithfeet,
Peter,
SASAMI,
Birdtalker,
Kilo Kish,
Forth Wanderers,
Peter Bjorn and John,
Rosie Carney,
Simian Mobile Disco,
KAMAUU,
Parquet Courts,
Menahan Street Band,
Oh The Larceny,
Mase,
Tank and The Bangas,
EL VY,
Beeef,
M. Ward,
Dua Saleh,
The Avener,
Richie Havens,
Henry Jamison,
Foster The People,
Velvet Negroni,
Kelsey Lu,
thanks for coming,
Camellia Hartman,
Sonntag,
Deep Thought,
Anderson .Paak,
Lewis Del Mar,
Rainbow Kitten Surprise,
Mac Miller,
Victoria Monét,
Oscar Scheller,
The Budos Band,
Matthew Milia,
DJ Jazzy Jeff & The Fresh Prince,
Wyclef Jean,
Margo Price,
Heather Maloney & Darlingside,
PREP,
Frances Cone,
Derek Simpson,
Bell Biv DeVoe,
Air Review,
PLGRMS,
Ruston Kelly,
Danger Mouse,
Deer Tick,
Jukebox The Ghost,
Jess Cornelius,
Blu,
Laura Veirs,
Peter CottonTale,
The Middle East,
Django Django,
Superorganism,
Crystal Fighters,
American Football,
Homeboy Sandman,
Tierra Whack,
Kevin Morby,
The Wild Reeds,
Harry Styles,
Ages and Ages,
Elizabeth & the Catapult,
Mr Little Jeans,
Labrinth,
John Craigie,
flowerkid,
The Like,
Chaka Khan,
Someone Still Loves You Boris Yeltsin,
Blu & Exile,
Avid Dancer,
P.S. Eliot,
Sibylle Baier,
Peter Broderick,
Katie Pruitt,
Leon Bridges,
Anna Leone,
Charles Bradley,
The Submarines,
The Beach Boys,
Estelle,
First Aid Kit,
Huron John,
Spillage Village,
Black Thought,
Peace,
The Specials,
Nathaniel Rateliff,
Celeste,
Bright Eyes,
summersets,
Maggie Rogers,
Daughter,
S.G. Goodman,
Eve Owen,
Wave Chapelle,
The Strokes,
New Politics,
Tame Impala,
keshi,
Fuzzysurf,
King Charles,
Anna Hauss,
Valerie Lighthart,
Lydia,
The Japanese House,
Bill Withers,
Franc Moody,
Mystery Jets,
Bakar,
PHOX,
Wet,
BreezyBerg,
Drab City,
Duval Timothy,
Shopping,
BANNERS,
Joyner Lucas,
Cassowary,
Jeffrey Lewis,
Anna McClellan,
Old Sea Brigade,
The Flaming Lips,
Tom Rosenthal,
Dry the River,
Cosmo Sheldrake,
Houndmouth,
Caroline Smith & The Good Night Sleeps,
Rostam,
Haiku Hands,
The Spinto Band,
Will Joseph Cook,
Regina Spektor,
The Avalanches,
Aaron Embry,
Terrace Martin,
Breathe Owl Breathe,
Kodaline,
Cat Clyde,
Ray Charles,
Crumb,
G-Gifted,
The Neighbourhood,
Jacob Pavek,
WILD,
Aretha Franklin,
No Thank You,
IshDARR,
Lorde Fredd33,
Gorillaz,
Glass Animals,
The Cinematic Orchestra,
Marcus Rogers,
Lady Lamb,
LOLO,
Dead Emerson,
Perfume Genius,
KennyHoopla,
Nelly,
Coasts,
Reggie Bonds,
Jesiah,
Kyle Morton,
Bacchae,
J.O.S.E.,
Ritt Momney,
Mallrat,
The Dead Tongues,
Bic Runga,
NEIL FRANCES,
Chris Staples,
Beirut,
Fellow Kinsman,
Tunde Olaniran,
Big K.R.I.T.,
Fredo Viola,
The Apache Relay,
Shamir,
Brittany Howard,
Hen Ogledd,
Sons Of The East,
Whoa Dakota,
Pokey LaFarge,
The White Buffalo,
Prinze George,
Hey Rosetta!,
The Ophelias,
Deep Sea Diver,
Dame D.O.L.L.A,
Airport Sushi,
Robben,
James Blake,
Falls,
Sarah Jarosz,
Wilhelm Tell Me,
Hozier,
Rapsody,
Santigold,
RY X,
Generationals,
Chicano Batman,
hard life,
Royal Headache,
Amber Mark,
The Black Keys,
Alex G,
Aluna,
Bronze Radio Return,
Toby Martin,
Jade Bird,
Collapsing Stars,
King Curtis,
The Walkmen,
Langhorne Slim,
The Daredevil Christopher Wright,
Neyla Pekarek,
British India,
ODESZA,
The Brinks,
Washed Out,
slenderbodies,
John Michael Talbot,
Sharon Jones & The Dap-Kings,
Maggie Rose,
Justin Vernon,
Chloe x Halle,
Conan Gray,
The Grates,
Smokey Robinson & The Miracles,
Ice Cube,
Alex the Astronaut,
We Lost The Sea,
Silverbacks,
Brandi Carlile,
Masego,
Christine and the Queens,
Talking Heads,
Bill Callahan,
You Won't,
Twenty One Pilots,
FLEECE,
Parris Chariz,
Waylon Payne,
Dylan Cartlidge,
Sidney Gish,
Half Waif,
Spacey Jane,
The Smiths,
Beck,
Júníus Meyvant,
The Presets,
Pretenders,
Imogen Heap,
Penelope Antena,
Caamp,
RIVVRS,
The Regrettes,
Gallant,
LP,
Karim Ouellet,
Junip,
The Weeknd,
Kathleen Edwards,
Josiah and the Bonnevilles,
None Like Joshua,
Hembree,
Karen O,
IAN SWEET,
Tokyo Police Club,
Lupe Fiasco,
Haux,
Bruce Springsteen,
The Five Stairsteps,
Jacob Banks,
Andrew Bird,
Avi Kaplan,
Laura Stevenson,
Wilderado,
Mutual Benefit,
Way Yes,
Wildcat! Wildcat!,
Miniature Tigers,
Sweet Whirl,
Klaxons,
DMA'S,
Tora-i,
Ruby Fields,
Dennis Lloyd,
The Palms,
CooBee Coo,
Gary Clark Jr.,
Barrie,
Elayna Boynton,
Wale,
Busta Rhymes,
Streets of Laredo,
Surf Rock Is Dead,
David Ramirez,
Moira Bren,
John Moreland,
Jen Cloher,
Troi Irons,
Laura Marling,
Steve Earle,
th1rt3en,
Duckwrth,
Baby Boys,
Boom Forest,
Pearl Charles,
Guy Blakeslee,
Bell X1,
The Stone Roses,
Communions,
Viagra Boys,
Isaac Dunbar,
America,
Cloud Nothings,
The Upsetters,
The Brother Brothers,
Urban Party Makers,
THICK,
Wax Tailor,
Sleaford Mods,
Other Lives,
Arcade Fire,
Orson Wilds,
Kiwi jr.,
SG Lewis,
ZAYN,
Andy Shauf,
The Pigeon Detectives,
Barry Gibb,
Hilang Child,
The Weather Station,
Charlie Hickey,
Modern Hut,
Lala Lala,
Joe Wong,
GYNR,
Weezer,
Bibio,
Sammy Rae & The Friends,
Anthony Green,
The Juliana Theory,
Shungudzo,
Indigo Sparke,
Jet,
Aaron Frazer,
Babe Rainbow,
Jazmine Sullivan,
Odette,
Sara Kays,
Koe Wetzel,
Smokey Robinson,
Lael Neale,
Passenger,
A.A. Williams,
the bird and the bee,
Rich Homie Quan,
Jaden,
Emily Browning,
Penny Roox,
sadboy hour,
Maribou State,
Pink Sweat$,
Katie Von Schleicher,
Dustbowl Revival,
David Gray,
Minor Moon,
Nervous Dater,
Eddy J Lemberger,
Bear Hare,
Charlotte Day Wilson,
CHVRCHES,
POSTDATA,
Sean Sison,
Jim Jones,
Lydia Luce,
Motorists,
Wild Pink,
Carly Bannister,
Cassie,
Poolside,
Japanese Breakfast,
Vistas,
Sara Bareilles,
Sam Dew,
Moonroof,
Amyl and The Sniffers,
Laura Mvula,
Donna Lewis,
Cameo,
Durand Jones & The Indications,
The Killers,
Gretta Ray,
Bob Seger,
The Last Internationale,
Del Water Gap,
Kishi Bashi,
Bleached,
Pinegrove,
The Go! Team,
Flight Facilities,
The Soft Pack,
Black Pumas,
Du Blonde,
The Deer,
Lava La Rue,
Unknown Mortal Orchestra,
Shannon & The Clams,
Jungle,
PawPaw Rod,
Yeek,
Justin Bieber,
Matthew Dear,
Shyne,
CMAT,
Miss Grit,
Indigo De Souza,
Thao,
JAY-Z,
Slothrust,
Big Red Machine,
Benny Sings,
Tom Petty,
Willie Nelson,
Desperate Journalist,
Lake Street Dive,
Migos,
Calloway,
Kevin Devine,
Foxing,
Jay Feelbender,
Montell Jordan,
Deb Never,
Milky Chance,
SRTW,
Rissi Palmer,
Slick Rick,
L.A. Exes,
Jordan Mackampa,
Black Honey,
Roosevelt,
The Kelseys,
Shin Joong Hyun & The Men,
Sophia Kennedy,
Supertentacles,
Polo & Pan,
Mello Music Group,
The Lounge Society,
Mini Trees,
Andra Day,
The Morning Benders,
Dropkick Murphys,
B.A.P,
Flyte,
Still Woozy,
Rusty Clanton,
Kings Go Forth,
Bomba Estéreo,
COIN,
Horsegirl,
Tash Sultana,
The Polyphonic Spree,
José González,
Your Smith,
Zach Pietrini,
Shakey Graves,
Olly Alexander,
Plain White T's,
Peter Dack,
Fousheé,
Max Bloom,
Prince of Spain,
Molly Annelle,
Seryn,
Ethan Gruska,
Wallows,
For The Foxes,
Tune-Yards,
Home Is Where,
April March,
Common Deer,
The National,
Mereba,
Jack Ingram,
The Aces,
Kero Kero Bonito,
Pusha T,
Peaness,
Mila Webb,
Cory Hanson,
Confidence Man,
NoMBe,
Your Old Droog,
Nappy Roots,
Thomas Dollbaum,
Bachelor,
Annie DiRusso,
Cordae,
Rema,
Wet Leg,
Leikeli47,
Craig Finn,
Billie Marten,
Jenny Kern,
Big Star,
Topaz Jones,
Hand Habits,
BODEGA,
Cavetown,
Moby,
Nikki Lane,
Lucius,
Ashley Monroe,
The Mysterines,
chloe moriondo,
Icarus Phoenix,
Semisonic,
The Lazy Eyes,
Kate Bush,
PUP,
Peach Pit,
O.T. Genasis,
String Machine,
Seabear,
CHAI,
Mattiel,
The Crystal Method,
Maddie Medley,
Luna Li,
Melt Yourself Down,
JUMBO,
Moontype,
Linn Koch-Emmery,
Islands,
Cheekface,
Orville Peck,
Bad Moves,
Momma,
Imelda May,
dodie,
Father John Misty,
Rex Orange County,
Claude Debussy,
Futurebirds,
Coach Party,
Red Hot Chili Peppers,
Stephen's Shore,
Carpenters,
Barry Louis Polisar,
Matt Maeson,
boy pablo,
spill tab,
Suzanne Vega,
Lil Silva,
Charli xcx,
MisterWives,
mgk,
The Bucketheads,
Spoon,
Michaela Slinger,
Ali Barter,
Remi Wolf,
Caroline Spence,
Dreamer Boy,
Tony Allen,
Guster,
Lykke Li,
Hippo Campus,
J. Cole,
fanclubwallet,
Wiz Khalifa,
Connor Brennan,
Robert Leslie,
The Chills,
Dawn Richard,
Tigers Jaw,
Michael Logozar,
Demrick,
U.S. Royalty,
Typhoon,
Let's Eat Grandma,
Chloe Foy,
Placebo,
Samora Pinderhughes,
Courtney Hartman,
Ravyn Lenae,
Sturgill Simpson,
Brian Damage,
Good Dog,
Sierra Ferrell,
Hot Since 82,
Tycho Jones,
MILLY,
Jake Bugg,
Blue States,
deer scout,
Charlie Martin,
Fresh,
Cola Boyy,
Wilco,
Miranda Lambert,
Pip Blom,
Summer Salt,
Foals,
Temples,
Cannons,
Gabriel Kahane,
Captain Handsome,
Kansas,
CLOVES,
Bas,
Uwade,
Porridge Radio,
Nap Eyes,
Jermiside,
Paul McCartney,
Denzel Curry,
Pinkston,
Elton Aura,
Daryl Hall & John Oates,
Royal Blood,
Liam Gallagher,
Lott,
Mates of State,
Mustafa,
Turnstile,
Leith Ross,
English Teacher,
Coolio,
Bicycle Inn,
Okey Dokey,
Cullah,
Louis La Roche,
Arthur Russell,
Chastity,
Bad Suns,
Taylor Ashton,
flor,
Maisie Peters,
Dylan Rodrigue,
The Nunnery,
Andrew Rose Gregory,
Robert Glasper,
Lil Wayne,
iann dior,
Handsome Boy Modeling School,
Charmpit,
Little May,
Geese,
Amos Lee,
Clem Snide,
Swim Camp,
Bruno Mars,
Wreckless Eric,
Little Green Cars,
Ezra Bell,
The Beatnuts,
Kyle Morgan,
Sam Amidon,
T-Pain,
Adele,
Clap Your Hands Say Yeah,
The Game,
THE DRIVER ERA,
Lana Del Rey,
The Whitmore Sisters,
St. Panther,
MICHELLE,
Le Ren,
EARTHGANG,
Raveena,
Self Esteem,
Nation of Language,
Kwest Tha Madd Lad,
Michael Bublé,
Origami Angel,
Bonobo,
Hana Vu,
White Lies,
Christian Leave,
Tennis,
HAIM,
THE GOA EXPRESS,
Little Simz,
The Lumineers,
Pastor T.L. Barrett and the Youth for Christ Choir,
Teyana Taylor,
RÜFÜS DU SOL,
The Backseat Lovers,
Lunar Vacation,
Sleigh Bells,
Aaliyah,
Grace Cummings,
Valerie June,
Shawn James,
Yung Bae,
Hurry,
Nathaniel Rateliff & The Night Sweats,
cheerbleederz,
Lea Michele,
Kupla,
Lo Moon,
Julie Doiron,
Curren$y,
Hamzaa,
BETWEEN FRIENDS,
Happy Accidents,
Colleen Green,
Oliver Francis,
Lane 8,
Patrick Paige II,
Alan Ward,
BADBADNOTGOOD,
Far Caspian,
CHERYM,
Mick Jenkins,
Bob Welch,
Emily Scott Robinson,
Cigarettes After Sex,
Jack Harlow,
Sofía Valdés,
Jenny Lewis,
Bedouine,
Spector,
Lil Nas X,
Foxx Bodies,
Andy Bell,
Fiona Apple,
Lauran Hibberd,
Oh Wonder,
Maxo Kream,
Smallpools,
Steely Dan,
Marit Larsen,
Swelo,
William Prince,
Noah Gundersen,
ill peach,
Phantogram,
Skott,
Duran Duran,
Nat Lefkoff,
Strand of Oaks,
Nana Grizol,
Scary Pockets,
Jake Xerxes Fussell,
WebsterX,
Buffalo Springfield,
Charlotte Cornfield,
Macie Stewart,
Fall Out Boy,
The Worship Initiative,
Frankie Valli,
Etaoin,
Asako Toki,
Albert Gonzalez,
Laila Al Habash,
Companion,
suisside,
Hector Gachan,
Alison Moyet,
Sean Stemaly,
Billy Joel,
$uicideboy$,
Viking Barbie,
Alfie Templeman,
Kings of Leon,
Tim Heidecker,
aloe.401,
Lady A,
PLÜM,
Julia Michaels,
THE ANXIETY,
Adrián Rodríguez van der Spoel,
Beloved Melodies,
Tugboat Captain,
Burna Boy,
Bloomsday,
Pester,
Phill Veras,
Chroma Key,
Boston Bun,
Yves V,
The Faim,
SOJA,
Katy Lootens,
Ingrid Andress,
Shin Joong Hyun,
Chasing Mirrors,
Tove Styrke,
Betty Who,
Foo Fighters,
Dear Silas,
Bishop Briggs,
Faces,
BOYS LIKE GIRLS,
The World Is A Beautiful Place & I Am No Longer Afraid To Die,
Be Svendsen,
Chris Stapleton,
Voxtrot,
Ryan Caraveo,
Falling In Reverse,
The Goo Goo Dolls,
Sigrid,
Retrofuture,
DVRST,
Slum Sociable,
Five For Fighting,
Ozzy Osbourne,
Druzu,
Blackfield,
Mac Davis,
John Denver,
Katy J Pearson,
Prince,
Grace Carter,
Nine Inch Nails,
SPELLLING,
Stellar,
Tj Dizzle SnoMan,
Bobby Darin,
Pete Yorn,
GIVĒON,
Black Sea Dahu,
itsjrad,
Yelle,
112,
Pat Benatar,
Soolking,
Shakira,
Tiggs Da Author,
Calum Scott,
Darius,
Vance Joy,
Volbeat,
The Futurelics,
Nonpoint,
Chase Atlantic,
TELYKAST,
Failures9997,
Gnarls Barkley,
Maria Becerra,
Justin Timberlake,
Magnus Fiennes,
A.K.A. Pella,
Amber Run,
Nozomi Lyn,
Melodysheep,
The Outfield,
Ycee,
ReoNa,
BoyWithUke,
Say Sue Me,
Thomas Rhett,
Jimmy Eat World,
Get Well Soon,
Phonique,
Smog,
Opeth,
Finnibwoi,
grentperez,
Chakra,
Benjamin Clementine,
Dreamliners,
Suprafive,
Devin Dawson,
Mimi Webb,
Gary LeVox,
Broken Bells,
Brenton Wood,
Sasha Alex Sloan,
Bella Thorne,
Joey Bada$$,
Malik Harris,
Adult Mom,
Ryan Montbleau,
Dionne Warwick,
Conway the Machine,
MD DJ,
Boyz II Men,
The Marías,
John K,
Death Cab for Cutie,
HIGHLIGHT,
Gemitaiz,
Loyle Carner,
Forgive Durden,
Alainite,
Blake Shelton,
Brooks & Dunn,
Sum 41,
Sous-Sol,
Hayley Gene Penner,
Lola Blanc,
Phillipa Soo,
Tems,
Shakewell,
Jefferson Starship,
MJ Lenderman,
Viki Gabor,
Beth Crowley,
Sleeping Jesus,
1990nowhere,
Holly Kluge,
Slayer,
Giraffe Tongue Orchestra,
Bee Gees,
Billy Idol,
Samo104,
XXXTENTACION,
Sagan,
$ledge,
Courtney Marie Andrews,
Matt Maher,
Rebelution,
G Jones,
Sia,
Matisyahu,
Kim Jung Mi,
[dunkelbunt],
Stevie Wonder,
Rudy Mancuso,
Craig Xen,
One Direction,
Linda Ronstadt,
Melody Lake,
Lee Perry,
Robin S,
The A's,
Nicholas Ian Carter,
Astèr Fekre,
Chris Classic,
Tyler Childers,
Fitz and The Tantrums,
Doc Watson,
Call Me Karizma,
Emily Watts,
PVRIS,
Urban Party Biz,
Gerry & The Pacemakers,
Macy Gray,
The Soundcarriers,
Dwara,
Sech,
Bob Dylan,
Boyish,
Wynton Marsalis,
Kidsnot$aints.,
Zero,
Nick Lowe,
Derek Minor,
Wifisfuneral,
Claptone,
Rezz,
Tornado Wallace,
Capone,
Nu Breed,
Natalia Lafourcade,
The High Kings,
Supaman,
Chop Daily,
Hinterländer,
Rev. Clay Evans,
Billie Holiday,
Poylow,
BeatKing,
Tritonal,
ITZY,
Toro y Moi,
Hellhills,
Emblem3,
Joongle,
Avantasia,
Crosby,
ELIO,
Nija,
Cowboy Junkies,
JT Roach,
Joel Laviolette,
Sonny Boy Williamson II,
Beyoncé,
VRSTY,
Amber Sky Records,
Mokita,
MIA,
Holy Pinto,
The Rolling Stones,
Field Medic,
NAMIA,
Memos,
Vince Staples,
OTM,
Sultan + Shepard,
Maddison,
EC Twins,
Chelsea Moon & The Franz Brothers,
Field Guide,
Harbor & Home,
Alicia Keys,
Paradise Lost Chillstep,
Sleepy Fish,
Clubhouse,
Samuel Jack,
BENEE,
Hayley Westenra,
LANY,
Open Blue Sky,
Troy Cartwright,
Jess Glynne,
Andrew Spacey,
Shawn David,
VIXX,
Paul Cardall,
Neck Deep,
Corey Harper,
G Herbo,
AnnenMayKantereit,
John C. Cale and Nico Nico,
Peder B. Helland,
Hugo Lemieux,
B.o.B,
Carrie Underwood,
Martin Garrix,
Animal Fiction,
Celly Ru,
Wilder Maker,
Plains,
RAVENS,
BriCie,
Yeah Yeah Yeahs,
Tyrone Wells,
Yo La Tengo,
Charley Crockett,
Surfaces,
Carly Rae Jepsen,
Luke Sital-Singh,
Finom,
Laufey,
Wormy,
The Wonder Years,
Esmé Patterson,
LIFE,
MIYAVI,
Hot Chip,
GGOOLLDD,
Fireboy DML,
Calvin Harris,
Chris Koza,
Andrew Duhon,
Benny The Butcher,
Adwaith,
Tallies,
Mariah Carey,
Dosh,
girlhouse,
Domestic Terminal,
Loudon Wainwright III,
The Interrupters,
Kenny Beats,
Under Violet,
Lauv,
Big Wild,
Sorcha Richardson,
Didirri,
Disq,
Art Moore,
Marci,
The Dip,
STS,
Rogue Valley,
Oliver Sim,
Opus Kink,
Charlie Burg,
Florist,
Mariel Buckley,
Pool Kids,
Flatbush Zombies,
Maya Hawke,
Dune Rats,
Missy Elliott,
The Medium,
MARO,
Stromae,
Ari Lennox,
The Violet Nines,
Telethon,
Editors,
Charlotte Cardin,
SuperYou,
Rufus Wainwright,
Brotherkenzie,
The Aquadolls,
Offset,
Eliades Ochoa,
Isaiah Rashad,
Lichen Slow,
Greg Mendez,
Khalid,
Panic Pocket,
Jim Ghedi,
Kassi Valazza,
NilexNile,
Maple Glider,
Remnose,
Surf Mesa,
The Milk Carton Kids,
Ondara,
Josh Ritter,
David Wax Museum,
Fatoumata Diawara,
Yot Club,
half•alive,
Durand Jones,
IDK,
Withered Hand,
Silver Moth,
ADMT,
Worriers,
The Weakerthans,
El Michels Affair,
CHPTRS,
Davido,
Darksoft,
Telehealth,
Murray A. Lightburn,
Matthew Logan Vasquez,
Rae Sremmurd,
Hayden,
Nico Paulo,
Cub Sport,
Devon Church,
The Hackles,
Oracle Sisters,
Blondshell,
Transviolet,
Dead Love Triangle,
Baaba Maal,
Faintest Idea,
Macklemore,
Perry Brown,
LIES,
Pillow,
Damien Jurado,
Stand and Wave,
Kate Davis,
Jake Paleschic,
Babe Corner,
Phoneboy,
Wilder Woods,
Whitney's Playland,
Low Island,
The Lost Days,
The Nude Party,
Plain Speak,
Emilíana Torrini,
Meet Me @ The Altar,
The Blaze,
Shalom,
Hack-Poets Guild,
Joni Mitchell,
Leon in the Wild,
The Dixie Cups,
Jenny O.,
Dreamville,
David Wimbish & The Collection,
Spaceport,
Mom Rock,
Iris DeMent,
Ron Sexsmith,
Algiers,
Steady Holiday,
Unthank : Smith,
Tianna Esperanza,
Niamh Regan,
John Blek,
@,
Jaimee Harris,
Paramore,
The Academic,
Dignan Porch,
FONTINE,
Pearla,
Black Belt Eagle Scout,
Jack Schneider,
Kelela,
Quasi,
SYML,
Billy Nomates,
James Yorkston,
Olivia Dean,
Joesef,
RAYE,
Sunny War,
Young Fathers,
Storefront Church,
Kimbra,
The Arcs,
Jadu Heart,
We Are Scientists,
Nighttime,
Fran,
Declaime,
Gabi Hartmann,
Gaz Coombes,
Rozi Plain,
Gabrielle Aplin,
Piff Marti,
Korantemaa,
Elaine Stritch,
Dana and Alden,
Yacht Money,
Iron & Wine,
Mt. Joy,
First Rodeo,
Paul Spring,
L'Resorts,
LION BABE,
Anxious,
The Delines,
Anna Tivel,
Hank Midnight,
Credit Electric,
Bread Pilot,
Jeanines,
Leland Whitty,
Grubby Little Hands,
Color Temperature,
Hooded Fang,
The Donkeys,
Log Across the Washer,
Caracara,
Cool Original,
Battle Ave.,
The Wombats,
Men Without Hats,
Colin Blunstone,
Sipper,
Domo Genesis,
MC Virgins,
Brand of Sacrifice,
Joyce Manor,
Michaël Brun,
MercyMe,
CHE,
Dazy,
Ivy Wye,
Clara Mann,
Layten Kramer,
Sophie Jamieson,
ITE EEROLA,
Nick Shoulders,
Kelsey Waldon,
Model Shop,
The Dresden Dolls,
OG Bey Harris,
Cate Le Bon feat. Perfume Genius,
NxWorries,
John D. Boswell,
Lyrical Harmonie,
Fiji 13,
Matt and Kim,
Boban I Marco Markovic Orkesta,
JulezJZ,
Arts Fishing Club,
Hamilton Leithauser + Rostam,
McKenna Bray,
Faye Wong,
Funky DL,
STRFKR,
Neil Young,
A.M. Stryker,
Solo Sounds,
Urban Jams United,
Molly Sarlé,
Lex Allen,
Maxine J,
The Format,
Chemtrails,
Eliza McLamb,
Chatham County Line,
L Devine,
Kali Malone,
Mean Jeans,
Zara Larsson,
Omni,
Is This Thing On,
SiR,
Gustaf,
Marcus King,
Stephanie Lambring,
Cadence Weapon,
Amy O,
Kehlani,
This Is Lorelei,
Jesse Welles,
Empire Of The Sun,
PNAU,
Crack Cloud,
Jana Mila,
Why Bonnie,
Easy Sleeper,
Sima Cunningham,
LL COOL J,
Downhaul,
Lady Gaga,
Pop Filter,
Orla Gartland,
Joy Oladokun,
BigXthaPlug,
Amythyst Kiah,
Cloudy June,
Sam Blasucci,
TOPS,
Rahill,
June McDoom,
MUNYA,
Frankie Cosmos,
Pearl & The Oysters,
Empress Of,
Myles Smith,
Peel Dream Magazine,
A$AP Ferg,
Warm Human,
annie hamilton,
Oddisee,
Logic,
IDLES,
Object of Affection,
The National Parks,
Brooke Bentham,
Don Michael Jr,
The Unknowns,
Peter M,
Purling Hiss,
Square Loop,
Eggs on Mars,
A.C. the Ruler,
AJJ,
KAYTRAMINÉ,
Folamour,
Cal Rifkin,
Prince Kaybee,
Lizzo,
The Teskey Brothers,
Nicki Minaj,
KAROL G,
Sam Smith,
Ryan Gosling,
The Kid LAROI,
PinkPantheress,
Ava Max,
GAYLE,
FIFTY FIFTY,
Julie Byrne,
Illa J,
Noname,
Jalen Ngonda,
Anjimile,
Hannah Jadagu,
Travis Greene,
The Beaches,
Steven van Betten,
Grian Chatten,
Say She She,
Austin Stambaugh,
Kara Jackson,
A$AP Rocky,
Pharrell Williams,
Kid Cudi,
Teriyaki Boyz,
Pop Smoke,
Nigo,
Camila Cabello,
Kae Tempest,
Cisco Swank,
Smoke DZA,
redveil,
Lambchop,
Pretty Sick,
Phoenix,
Shannen Moser,
Molly Nilsson,
Chappell Roan,
