Artist Name,Album,Best Song,Genre,Release Date,Scrobble Score,Total Scrobbles,Avg Per Track,Obsession Score,Prediction Score,Similar Artists,Album Length,Discovery Method,Album Art URL,manual_boost,manual_notes,final_rank_override
Kesha,. (...),BOY CRAZY. (feat. JADE),,2025-07-08,0.0,0,0.0,0.0,0.0,,65.21668333333334,Spotify,,,,
The Minus 5,"Oar On, Penelope!",Words & Birds,"alt country,power pop",2025-05-30,0.0,0,0.0,0.0,0.0,,37.54751666666667,Spotify,,,,
Yo La Tengo,Old Joy,Path to Springs,"dream pop,slowcore",2025-02-28,0.0,0,0.0,0.0,0.0,,25.933333333333334,Spotify,,,,
Matt Embree,Orion,Summer House Savior,,2025-03-07,0.0,0,0.0,0.0,0.0,,27.104166666666668,Spotify,,,,
Trapper Schoepp,Osborne,Loaded,americana,2025-09-19,0.0,0,0.0,0.0,0.0,,39.69728333333333,Spotify,,,,
Morgan Saint,Out Of The Blue,Did You Lose Your Heart,,2025-02-14,0.0,0,0.0,0.0,0.0,,35.05683333333333,Spotify,,,,
MARINA,PRINCESS OF POWER,CUNTISSIMO,,2025-06-06,0.0,0,0.0,0.0,0.0,,47.75735,Spotify,,,,
Ruston Kelly,"Pale, Through the Window",Me and You,"americana,alt country",2025-09-12,0.0,0,0.0,0.0,0.0,,48.5284,Spotify,,,,
Great Grandpa,"Patience, Moonbeam",Junior,indie punk,2025-03-28,0.0,0,0.0,0.0,0.0,,38.32615,Spotify,,,,
Sam Fender,People Watching,People Watching,,2025-02-21,0.0,0,0.0,0.0,0.0,,48.540616666666665,Spotify,,,,
Horsegirl,Phonetics On and On,Switch Over,lo-fi indie,2025-02-14,0.0,0,0.0,0.0,0.0,,37.78828333333333,Spotify,,,,
S.G. Goodman,Planting by the Signs,Fire Sign,"southern gothic,alt country",2025-06-20,0.0,0,0.0,0.0,0.0,,48.11885,Spotify,,,,
Small Shake,Platonics,Historical Event,,2025-08-22,0.0,0,0.0,0.0,0.0,,19.44923333333333,Spotify,,,,
MØ,Plæygirl,Keep Møving,,2025-05-16,0.0,0,0.0,0.0,0.0,,35.51238333333333,Spotify,,,,
Indigo De Souza,Precipice,Crush,,2025-07-25,0.0,0,0.0,0.0,0.0,,31.722933333333334,Spotify,,,,
Big Freedia,Pressing Onward,Celebration (feat. Dawn Richard),"new orleans bounce,bounce,ballroom vogue",2025-08-08,0.0,0,0.0,0.0,0.0,,41.19155,Spotify,,,,
Amber Mark,Pretty Idea,Don't Remind Me (with Anderson .Paak),"alternative r&b,indie soul",2025-10-10,0.0,0,0.0,0.0,0.0,,36.98956666666667,Spotify,,,,
We Are Scientists,Qualifying Miles,The Big One,indie rock,2025-07-18,0.0,0,0.0,0.0,0.0,,42.71305,Spotify,,,,
Cola Boyy,Quit to Play Chess,Babylon,,2025-05-23,0.0,0,0.0,0.0,0.0,,35.93091666666667,Spotify,,,,
Salin,Rammana,Egungun,,2025-03-28,0.0,0,0.0,0.0,0.0,,34.576116666666664,Spotify,,,,
Youth Lagoon,Rarely Do I Dream,Football,"dream pop,chillwave",2025-02-21,0.0,0,0.0,0.0,0.0,,42.42865,Spotify,,,,
Hotline TNT,Raspberry Moon,The Scene,shoegaze,2025-06-20,0.0,0,0.0,0.0,0.0,,35.44125,Spotify,,,,
Neal Francis;Say She She,Return To Zero,Need You Again (feat. Say She She),retro soul,2025-03-14,0.0,0,0.0,0.0,0.0,,42.36638333333333,Spotify,,,,
The Knocks;Dragonette,Revelation,Love Me Alive,"nu disco,alternative dance",2025-06-06,0.0,0,0.0,0.0,0.0,,28.41261666666667,Spotify,,,,
Cuco,Ridin',ICNBYH,bedroom pop,2025-05-09,0.0,0,0.0,0.0,0.0,,39.71641666666667,Spotify,,,,
Matilda Mann,Roxwell,Everything I'm Not,,2025-02-28,0.0,0,0.0,0.0,0.0,,39.71875,Spotify,,,,
JENNIE;FKJ,Ruby,Seoul City,k-pop,2025-03-05,0.0,0,0.0,0.0,0.0,,39.0971,Spotify,,,,
Bon Iver,"SABLE, fABLE",S P E Y S I D E,,2025-04-11,0.0,0,0.0,0.0,0.0,,41.69885,Spotify,,,,
John K,SALT + LIGHT,Broken,,2025-07-18,0.0,0,0.0,0.0,0.0,,36.192,Spotify,,,,
Cavetown,SONGS I LIKE IN 2025,remember you,bedroom pop,2025-03-14,0.0,0,0.0,0.0,0.0,,15.158666666666669,Spotify,,,,
Chance the Rapper,STAR LINE,Drapetomania (feat. BabyChiefDoit),,2025-08-15,0.0,0,0.0,0.0,0.0,,67.95225,Spotify,,,,
Neil Young,Oceanside Countryside,Sail Away,"classic rock,folk rock,singer-songwriter,roots rock",2025-03-07,0.0,0,0.0,0.0,0.0,,38.216,Spotify,,,,
Empty Heaven,Now I'm Laughing Again,Nonplussed,spoken word,2025-03-14,0.0,0,0.0,0.0,0.0,,28.77168333333333,Spotify,,,,
Justin Bieber,SWAG,DAISIES,,2025-07-11,0.0,0,0.0,0.0,0.0,,54.34921666666666,Spotify,,,,
SYML,Nobody Lives Here,Heavy Hearts,,2025-04-04,0.0,0,0.0,0.0,0.0,,32.55005,Spotify,,,,
Career Woman,Lighthouse,Piano Song,,2025-06-06,0.0,0,0.0,0.0,0.0,,35.7659,Spotify,,,,
Ball Park Music,Like Love,Please Don't Move To Melbourne,,2025-04-04,0.0,0,0.0,0.0,0.0,,39.77088333333333,Spotify,,,,
Gordi,Like Plasticine,Peripheral Lover,,2025-08-08,0.0,0,0.0,0.0,0.0,,40.8995,Spotify,,,,
Rachel Chinouriri,Little House,What A Life,,2025-09-12,0.0,0,0.0,0.0,0.0,,17.132916666666667,Spotify,,,,
Joey Bada$$,Lonely At The Top,HIGHROLLER (feat. A$AP Ferg & Kelz2busy),"hip hop,rap",2025-08-29,0.0,0,0.0,0.0,0.0,,39.56908333333333,Spotify,,,,
Charles Wesley Godwin,Lonely Mountain Town,Lonely Mountain Town,"red dirt,country",2025-02-28,0.0,0,0.0,0.0,0.0,,26.498383333333333,Spotify,,,,
Brett Eldredge,Lonestar Lovers,Lonestar Lovers,"country,christmas",2025-03-14,0.0,0,0.0,0.0,0.0,,15.975533333333331,Spotify,,,,
Ian M Bailey,Lost In A Sound,Deep Blue Water,"power pop,jangle pop",2025-03-14,0.0,0,0.0,0.0,0.0,,41.14046666666667,Spotify,,,,
Little Simz,Lotus,Free,,2025-06-06,0.0,0,0.0,0.0,0.0,,49.92555,Spotify,,,,
Chloe Slater,Love Me Please,Sucker,,2025-02-04,0.0,0,0.0,0.0,0.0,,14.527216666666666,Spotify,,,,
kendall lujan,Lucky Penny,How Ya Doin',,2025-02-21,0.0,0,0.0,0.0,0.0,,34.32415,Spotify,,,,
Courting,"Lust for Life, Or: 'How To Thread The Needle And Come Out The Other Side To Tell The Story'",After You,post-punk,2025-03-14,0.0,0,0.0,0.0,0.0,,25.67438333333333,Spotify,,,,
KALEO,MIXED EMOTIONS,Bloodline,,2025-05-09,0.0,0,0.0,0.0,0.0,,42.17425,Spotify,,,,
Homeboy Sandman;Brand The Builder,Manners,Artillery,"east coast hip hop,underground hip hop,alternative hip hop",2025-05-16,0.0,0,0.0,0.0,0.0,,11.016666666666667,Spotify,,,,
The Lathums,Matter Does Not Define,Heartbreaker,,2025-02-28,0.0,0,0.0,0.0,0.0,,85.31413333333333,Spotify,,,,
Eem Triplin,Melody Of A Memory,MISS ME?,,2025-02-17,0.0,0,0.0,0.0,0.0,,35.477916666666665,Spotify,,,,
Michigander,Michigander,I'll Be OK,,2025-02-07,0.0,0,0.0,0.0,0.0,,41.59356666666667,Spotify,,,,
Cheekface,Middle Spoon,Living Lo-Fi,,2025-02-25,0.0,0,0.0,0.0,0.0,,66.02593333333333,Spotify,,,,
Zara Larsson,Midnight Sun,Hot & Sexy,,2025-09-26,0.0,0,0.0,0.0,0.0,,31.97485,Spotify,,,,
Barry Hyde,Miners' Ballads,Last Dance (at the Landlord's Ball),,2025-03-21,0.0,0,0.0,0.0,0.0,,37.56371666666666,Spotify,,,,
Cut Copy,Moments,Belong To You,"alternative dance,indie dance,indie electronic,new rave",2025-09-05,0.0,0,0.0,0.0,0.0,,46.71808333333333,Spotify,,,,
Bedrooms;Fried Monk,Monkrooms,Barrel Roll,,2025-02-28,0.0,0,0.0,0.0,0.0,,19.79823333333333,Spotify,,,,
Sunflower Bean,Mortal Primetime,Nothing Romantic,,2025-04-25,0.0,0,0.0,0.0,0.0,,35.28516666666667,Spotify,,,,
Turnstile,NEVER ENOUGH,I CARE,"hardcore punk,hardcore",2025-06-06,0.0,0,0.0,0.0,0.0,,45.2355,Spotify,,,,
Adult Mom,Natural Causes,Door Is Your Hand,riot grrrl,2025-05-09,0.0,0,0.0,0.0,0.0,,30.935616666666668,Spotify,,,,
Neko Case,Neon Grey Midnight Green,Destination,"alt country,southern gothic,americana",2025-09-26,0.0,0,0.0,0.0,0.0,,47.26938333333333,Spotify,,,,
Pale Blue Eyes,New Place,The Dreamer,,2025-03-07,0.0,0,0.0,0.0,0.0,,43.7052,Spotify,,,,
illuminati hotties,Nickel on the Fountain Floor,Skateboard Tattoo,riot grrrl,2025-05-30,0.0,0,0.0,0.0,0.0,,14.644416666666666,Spotify,,,,
The Beaches,No Hard Feelings,Can I Call You in the Morning?,,2025-08-29,0.0,0,0.0,0.0,0.0,,34.19873333333334,Spotify,,,,
Dev Lemons,SURFACE TENSION,NICE TRY,"hyperpop,bedroom pop",2025-08-01,0.0,0,0.0,0.0,0.0,,21.895616666666665,Spotify,,,,
Kameron Marlowe,Sad Songs for the Soul,Burning House,country,2025-02-21,0.0,0,0.0,0.0,0.0,,37.08505,Spotify,,,,
Polo & Pan,22:22,Petite Etoile,"french indie pop,french house",2025-03-28,0.0,0,0.0,0.0,0.0,,48.96483333333333,Spotify,,,,
Petey USA,The Yips,Ask Someone Else,,2025-07-11,0.0,0,0.0,0.0,0.0,,46.23591666666667,Spotify,,,,
Hamilton Leithauser,This Side of the Island,Knockin' Heart,,2025-03-07,0.0,0,0.0,0.0,0.0,,30.06703333333333,Spotify,,,,
Vincent Lima,To Love A Thing That Fades,Orpheus,folk pop,2025-09-19,0.0,0,0.0,0.0,0.0,,55.39225,Spotify,,,,
Ivy,Traces of You,Mystery Girl,,2025-09-05,0.0,0,0.0,0.0,0.0,,40.4653,Spotify,,,,
Beach Bunny,Tunnel Vision,Vertigo,,2025-04-25,0.0,0,0.0,0.0,0.0,,29.817,Spotify,,,,
Wet,Two Lives,My Everything,,2025-04-04,0.0,0,0.0,0.0,0.0,,33.98351666666667,Spotify,,,,
Floodlights,Underneath,The Light Won't Shine Forever,,2025-03-21,0.0,0,0.0,0.0,0.0,,89.93026666666667,Spotify,,,,
d4vd,WITHERED,Feel It,,2025-04-25,0.0,0,0.0,0.0,0.0,,48.87583333333333,Spotify,,,,
BETWEEN FRIENDS,WOW!,JAM !,,2025-08-01,0.0,0,0.0,0.0,0.0,,34.99328333333333,Spotify,,,,
Esther Rose,Want,Want,"alt country,americana",2025-05-02,0.0,0,0.0,0.0,0.0,,43.6717,Spotify,,,,
Runaway Brother,Want You Need,Bear the Bird,midwest emo,2025-02-27,0.0,0,0.0,0.0,0.0,,32.10431666666667,Spotify,,,,
Mobley,We Do Not Fear Ruins,No Exit,,2025-04-23,0.0,0,0.0,0.0,0.0,,45.97625,Spotify,,,,
Momma,Welcome to My Blue Sky,I Want You (Fever),indie rock,2025-04-04,0.0,0,0.0,0.0,0.0,,39.44606666666667,Spotify,,,,
M Ross Perkins,"What's the Matter, M Ross?",Spiritual Kick,,2025-05-02,0.0,0,0.0,0.0,0.0,,40.01963333333333,Spotify,,,,
Somebody's Child,When Youth Fades Away,Last Night I Held Your Hand,,2025-03-28,0.0,0,0.0,0.0,0.0,,41.60525,Spotify,,,,
Daffo,Where the Earth Bends,Carrot Fingers,,2025-09-26,0.0,0,0.0,0.0,0.0,,34.60901666666667,Spotify,,,,
Chris Crack,White People Think God Left Them In Charge,Don't Ever Wear Khakis To My Mom Birthday,"boom bap,experimental hip hop",2025-07-31,0.0,0,0.0,0.0,0.0,,23.5532,Spotify,,,,
Jade Bird,Who Wants to Talk About Love?,Save Your Tears,folk pop,2025-07-18,0.0,0,0.0,0.0,0.0,,30.542,Spotify,,,,
PUP,Who Will Look After The Dogs?,Hallways,"midwest emo,indie punk,emo,punk",2025-05-02,0.0,0,0.0,0.0,0.0,,35.835766666666665,Spotify,,,,
Big Wild,Wild Child,Stardust,,2025-08-29,0.0,0,0.0,0.0,0.0,,49.32986666666667,Spotify,,,,
I'm With Her;Sarah Jarosz;Aoife O'Donovan;Sara Watkins,Wild and Clear and Blue,Ancient Light,"bluegrass,newgrass,indie folk,americana,folk",2025-05-09,0.0,0,0.0,0.0,0.0,,41.25463333333333,Spotify,,,,
ILLIT,bomb,Billyeoon Goyangi (Do the Dance),k-pop,2025-06-16,0.0,0,0.0,0.0,0.0,,13.368233333333333,Spotify,,,,
Sofi Tukker;Silva,butter,Intensity,"nova mpb,mpb,brazilian pop",2025-05-16,0.0,0,0.0,0.0,0.0,,41.19138333333333,Spotify,,,,
corook,committed to a bit,blankets,,2025-02-28,0.0,0,0.0,0.0,0.0,,41.16666666666666,Spotify,,,,
MEGGO,eavesdropper ;; death stories,sylvia's place ;; tricks,,2025-01-22,0.0,0,0.0,0.0,0.0,,15.506333333333334,Spotify,,,,
bob junior;Dent May,"friends, vol. 2",ISSUE,,2025-05-23,0.0,0,0.0,0.0,0.0,,44.70641666666667,Spotify,,,,
salem ilese,growing down,dirty martini,,2025-06-13,0.0,0,0.0,0.0,0.0,,20.20665,Spotify,,,,
Hazlett,last night you said you missed me,doing my best,indie folk,2025-09-12,0.0,0,0.0,0.0,0.0,,36.3727,Spotify,,,,
Wet Leg,moisturizer,mangetout,"indie rock,indie",2025-07-11,0.0,0,0.0,0.0,0.0,,38.46615,Spotify,,,,
Kina Grannis;Imaginary Future;people i like;Mree;Henri Bardot,people i like,talk me down,"acoustic pop,folk pop,ambient folk",2025-02-07,0.0,0,0.0,0.0,0.0,,31.15723333333333,Spotify,,,,
Arm's Length,There's A Whole World Out There,You Ominously End,"midwest emo,pop punk,emo",2025-05-16,0.0,0,0.0,0.0,0.0,,46.5429,Spotify,,,,
Taylor Rae,The Void,The Void,,2025-04-18,0.0,0,0.0,0.0,0.0,,5.497616666666667,Spotify,,,,
Dumb Things,Self Help,Windows and Doors,"jangle pop,power pop",2025-04-04,0.0,0,0.0,0.0,0.0,,35.0833,Spotify,,,,
Franz Ferdinand,The Human Fear,Night Or Day,indie rock,2025-01-10,0.0,0,0.0,0.0,0.0,,35.3338,Spotify,,,,
Julien Baker;TORRES,Send A Prayer My Way,Sugar in the Tank,"ambient folk,art pop",2025-04-18,0.0,0,0.0,0.0,0.0,,39.70641666666667,Spotify,,,,
Sharon Van Etten,Sharon Van Etten & The Attachment Theory,Afterlife,,2025-02-07,0.0,0,0.0,0.0,0.0,,45.8377,Spotify,,,,
Subsonic Eye,Singapore Dreaming,Why Am I Here,"shoegaze,dream pop",2025-06-11,0.0,0,0.0,0.0,0.0,,60.57086666666667,Spotify,,,,
Panda Bear,Sinister Grift,Praise,neo-psychedelic,2025-02-28,0.0,0,0.0,0.0,0.0,,44.73336666666667,Spotify,,,,
Miles Caton;DC6 Singers Collective;Pleasant Valley Youth Choir of New Orleans;Lynette Williams;Sinners Movie,Sinners (Original Motion Picture Soundtrack),Rocky Road to Dublin,southern gothic,2025-04-18,0.0,0,0.0,0.0,0.0,,72.12676666666667,Spotify,,,,
Painting,Snapshot Of Pure Attention,White On White,,2025-04-11,0.0,0,0.0,0.0,0.0,,35.7796,Spotify,,,,
Tyler Childers,Snipe Hunter,Bitin' List,"country,outlaw country,red dirt,alt country,texas country,bluegrass",2025-07-25,0.0,0,0.0,0.0,0.0,,53.99215,Spotify,,,,
Adwaith,Solas,MWY,,2025-02-07,0.0,0,0.0,0.0,0.0,,75.61573333333334,Spotify,,,,
Homeboy Sandman;Sonnyjim,Soli Deo Gloria,Most Realest,"east coast hip hop,underground hip hop,alternative hip hop",2025-07-24,0.0,0,0.0,0.0,0.0,,38.97128333333333,Spotify,,,,
Jens Lekman,Songs for Other People's Weddings,The First Lovesong,"baroque pop,swedish pop",2025-09-12,0.0,0,0.0,0.0,0.0,,80.23346666666667,Spotify,,,,
Old Pup,Spider Towns,Spider Towns,alt country,2025-03-05,0.0,0,0.0,0.0,0.0,,81.51626666666667,Spotify,,,,
The Chills,Spring Board: The Early Unrecorded Songs,If This World Was Made For Me,jangle pop,2025-02-28,0.0,0,0.0,0.0,0.0,,70.65365,Spotify,,,,
St. Paul & The Broken Bones,St. Paul & The Broken Bones,Ooo-Wee,retro soul,2025-10-10,0.0,0,0.0,0.0,0.0,,34.557383333333334,Spotify,,,,
Estelle,Stay Alta,Stay Alta,,2025-05-23,0.0,0,0.0,0.0,0.0,,50.76016666666667,Spotify,,,,
The Beths,Straight Line Was A Lie,Straight Line Was A Lie,"indie rock,power pop",2025-08-29,0.0,0,0.0,0.0,0.0,,43.71328333333334,Spotify,,,,
Annie DiRusso,Super Pedestrian,Legs,,2025-03-07,0.0,0,0.0,0.0,0.0,,33.99633333333333,Spotify,,,,
Vundabar,Surgery and Pleasure,Beta Fish,,2025-03-07,0.0,0,0.0,0.0,0.0,,39.95476666666666,Spotify,,,,
Sir Chloe,Swallow the Knife,Kiss,,2025-08-22,0.0,0,0.0,0.0,0.0,,31.84323333333333,Spotify,,,,
girlpuppy,Sweetness,I Just Do!,,2025-03-28,0.0,0,0.0,0.0,0.0,,32.07971666666667,Spotify,,,,
Yellow Ostrich,TRYING,American Spirits,,2025-09-12,0.0,0,0.0,0.0,0.0,,46.88016666666667,Spotify,,,,
Peel Dream Magazine,Taurus,Venus In Nadir,"shoegaze,dream pop",2025-10-01,0.0,0,0.0,0.0,0.0,,23.308966666666667,Spotify,,,,
Joshua Burnside,Teeth of Time,Up and Down,"southern gothic,indie folk",2025-02-28,0.0,0,0.0,0.0,0.0,,39.43395,Spotify,,,,
Ashley Monroe;T Bone Burnett,Tennessee Lightning,Moth,"country,roots rock,americana",2025-08-08,0.0,0,0.0,0.0,0.0,,61.92146666666667,Spotify,,,,
Matt Pond PA,The Ballad Of The Natural Lines,Those Wings,,2025-02-07,0.0,0,0.0,0.0,0.0,,42.34591666666667,Spotify,,,,
Adam Melchor,The Diary of Living,Room On Your Shoulder,,2025-05-02,0.0,0,0.0,0.0,0.0,,30.638033333333333,Spotify,,,,
The Favors;FINNEAS;Ashe,The Dream,Home Sweet Home,,2025-09-19,0.0,0,0.0,0.0,0.0,,38.24848333333333,Spotify,,,,
Jeffrey Lewis,The EVEN MORE Freewheelin' Jeffrey Lewis,Do What Comes Natural,"anti-folk,folk punk",2025-03-21,0.0,0,0.0,0.0,0.0,,82.79293333333334,Spotify,,,,
Margaret Glaspy;Madison Cunningham,The Golden Heart Protector,These Days (with James Bay),,2025-09-12,0.0,0,0.0,0.0,0.0,,26.387316666666667,Spotify,,,,
Cautious Clay,The Hours: Morning,Tokyo Lift (5am),,2025-05-16,0.0,0,0.0,0.0,0.0,,20.864816666666663,Spotify,,,,
Mallrat,Light hit my face like a straight right,Pavement,,2025-02-14,0.0,0,0.0,0.0,0.0,,34.298116666666665,Spotify,,,,
Clipse;John Legend;Voices of Fire;Pusha T;Malice,Let God Sort Em Out,Chains & Whips,"southern hip hop,soft pop,neo soul",2025-07-11,0.0,0,0.0,0.0,0.0,,40.88216666666667,Spotify,,,,
Penny and Sparrow,Lefty,Mattering Ram,,2025-01-31,0.0,0,0.0,0.0,0.0,,58.2279,Spotify,,,,
Yuno,Blest,Gimme Ocean,,2025-05-16,0.0,0,0.0,0.0,0.0,,37.05043333333333,Spotify,,,,
Samia,Bloodless,Bovine Excision,indie pop,2025-04-25,0.0,0,0.0,0.0,0.0,,40.54291666666666,Spotify,,,,
Hand Habits,Blue Reminder,More Today,,2025-08-22,0.0,0,0.0,0.0,0.0,,46.37396666666667,Spotify,,,,
Sports Team,Boys These Days,Bang Bang Bang,,2025-05-23,0.0,0,0.0,0.0,0.0,,37.69195,Spotify,,,,
Jacob Slade,Brain Fog,Dissociative Daydream,,2025-05-01,0.0,0,0.0,0.0,0.0,,30.95083333333333,Spotify,,,,
Coach Party,Caramel,Control,,2025-09-26,0.0,0,0.0,0.0,0.0,,33.4969,Spotify,,,,
The Taxpayers,Circle Breaker,At War With the Dogcatchers,"folk punk,anti-folk",2025-03-21,0.0,0,0.0,0.0,0.0,,99.9833,Spotify,,,,
Rose Cousins,Conditions of Love Vol. 1,Needed You,southern gothic,2025-03-14,0.0,0,0.0,0.0,0.0,,72.5242,Spotify,,,,
No Guidnce,Confessions of a Loverboy,Lovers To Enemies,uk r&b,2025-03-14,0.0,0,0.0,0.0,0.0,,14.9026,Spotify,,,,
Doves,Constellations For The Lonely,Cold Dreaming,"britpop,madchester",2025-02-28,0.0,0,0.0,0.0,0.0,,89.84136666666667,Spotify,,,,
Caamp,Copper Changes Color,Millions,"indie folk,folk",2025-06-06,0.0,0,0.0,0.0,0.0,,35.74995,Spotify,,,,
The Tubs,Cotton Crown,Freak Mode,"jangle pop,power pop",2025-03-07,0.0,0,0.0,0.0,0.0,,29.928833333333333,Spotify,,,,
Ken Pomeroy,Cruel Joke,Wolf In Sheep’s Clothes,,2025-05-16,0.0,0,0.0,0.0,0.0,,38.11943333333333,Spotify,,,,
Say She She,Cut & Rewind,Shop Boy,retro soul,2025-10-03,0.0,0,0.0,0.0,0.0,,43.58218333333333,Spotify,,,,
shame,Cutthroat,Cutthroat,post-punk,2025-09-05,0.0,0,0.0,0.0,0.0,,37.0368,Spotify,,,,
Naomi Westwater,Cycle & Change,First of May,,2025-05-09,0.0,0,0.0,0.0,0.0,,63.57743333333333,Spotify,,,,
sleepingdogs;Andrew;Jesse the Tree,DOGSTOEVSKY,ballin at last,underground hip hop,2025-04-04,0.0,0,0.0,0.0,0.0,,38.982533333333336,Spotify,,,,
"Tyler, The Creator;Pharrell Williams",DON'T TAP THE GLASS,Sugar On My Tongue,,2025-07-21,0.0,0,0.0,0.0,0.0,,28.509966666666667,Spotify,,,,
Nation of Language,Dance Called Memory,Now That You're Gone,synthpop,2025-09-19,0.0,0,0.0,0.0,0.0,,41.49143333333333,Spotify,,,,
Ora the Molecule,Dance Therapy,Intergalactic Dance,,2025-03-21,0.0,0,0.0,0.0,0.0,,44.78836666666667,Spotify,,,,
Gary Louris,Dark Country,Getting Older,"alt country,americana",2025-02-14,0.0,0,0.0,0.0,0.0,,46.61666666666667,Spotify,,,,
Roy Woods,Dark Nights,What I Used To Get Into,trap soul,2025-04-25,0.0,0,0.0,0.0,0.0,,26.194166666666668,Spotify,,,,
Circa Waves,"Death & Love, Pt. 1",We Made It,indie,2025-01-31,0.0,0,0.0,0.0,0.0,,29.77955,Spotify,,,,
Curtis Harding,Departures & Arrivals: Adventures of Captain Curt,The Power,retro soul,2025-09-05,0.0,0,0.0,0.0,0.0,,85.45543333333333,Spotify,,,,
Ruston Kelly,Dirt Emo Vol. 2,Only One,"americana,alt country",2025-03-14,0.0,0,0.0,0.0,0.0,,19.689166666666665,Spotify,,,,
Oracle Sisters,Divinations,Marseille,,2025-02-14,0.0,0,0.0,0.0,0.0,,43.2126,Spotify,,,,
Billie Marten,Dog Eared,Feeling,,2025-07-18,0.0,0,0.0,0.0,0.0,,37.40408333333333,Spotify,,,,
Ava Max,Don't Click Play,Don’t Click Play,,2025-08-22,0.0,0,0.0,0.0,0.0,,34.80266666666667,Spotify,,,,
AJ Tracey,Don't Die Before You're Dead,Joga Bonito,"grime,uk grime,uk drill,drill",2025-06-13,0.0,0,0.0,0.0,0.0,,39.35906666666666,Spotify,,,,
Big Thief,Double Infinity,Words,,2025-09-05,0.0,0,0.0,0.0,0.0,,42.8979,Spotify,,,,
SASAMI,Blood On the Silver Screen,Slugger,,2025-03-07,0.0,0,0.0,0.0,0.0,,41.13525,Spotify,,,,
Aesop Rock,Black Hole Superette,Secret Knock,"underground hip hop,experimental hip hop,alternative hip hop",2025-05-30,0.0,0,0.0,0.0,0.0,,68.32011666666666,Spotify,,,,
IDER,Late to the World,You Don't Know How to Drive,,2025-02-21,0.0,0,0.0,0.0,0.0,,41.47906666666667,Spotify,,,,
Deep Sea Diver,Billboard Heart,What Do I Know,,2025-02-28,0.0,0,0.0,0.0,0.0,,45.6244,Spotify,,,,
Slow Joy,A Joy So Slow At Times I Don't Think It's Coming,Gruesome,"shoegaze,midwest emo",2025-05-16,0.0,0,0.0,0.0,0.0,,31.754816666666667,Spotify,,,,
Laufey,A Matter of Time,Lover Girl,,2025-08-22,0.0,0,0.0,0.0,0.0,,45.55105,Spotify,,,,
Matt Maeson,A Quiet and Harmless Living,Cursive (feat. Manchester Orchestra),,2025-09-12,0.0,0,0.0,0.0,0.0,,37.83505,Spotify,,,,
Runnner,A Welcome Kind of Weakness,Claritin,,2025-08-29,0.0,0,0.0,0.0,0.0,,37.74926666666666,Spotify,,,,
Cardi B;Summer Walker,AM I THE DRAMA?,Safe (feat. Kehlani),r&b,2025-09-19,0.0,0,0.0,0.0,0.0,,71.014,Spotify,,,,
Ric Wilson,AMERICA RUNS ON DISCO,They Can't Get Next to You,,2025-06-20,0.0,0,0.0,0.0,0.0,,19.413083333333333,Spotify,,,,
Σtella,Adagio,Adagio,,2025-04-04,0.0,0,0.0,0.0,0.0,,26.56253333333333,Spotify,,,,
Alan Sparhawk;Trampled by Turtles,Alan Sparhawk with Trampled by Turtles,Stranger,"bluegrass,newgrass,americana,folk,alt country",2025-05-30,0.0,0,0.0,0.0,0.0,,32.0527,Spotify,,,,
David Ramirez,All The Not So Gentle Reminders,Waiting On The Dust To Settle,americana,2025-03-21,0.0,0,0.0,0.0,0.0,,50.72436666666667,Spotify,,,,
LISA;Doja Cat;RAYE,Alter Ego,Born Again (feat. Doja Cat & RAYE),k-pop,2025-02-28,0.0,0,0.0,0.0,0.0,,42.74393333333333,Spotify,,,,
Craig Finn,Always Been,Luke & Leanna,,2025-04-04,0.0,0,0.0,0.0,0.0,,49.73283333333333,Spotify,,,,
SG Lewis,Anemoia,Baby Blue (feat. Oliver Sim),,2025-09-05,0.0,0,0.0,0.0,0.0,,40.98015,Spotify,,,,
Denison Witmer;Sufjan Stevens,Anything At All,Shade I'll Never See,baroque pop,2025-02-14,0.0,0,0.0,0.0,0.0,,34.69193333333333,Spotify,,,,
Common Holly,Anything glass,Terrible hands,indie québécois,2025-06-13,0.0,0,0.0,0.0,0.0,,32.2576,Spotify,,,,
The Head And The Heart,Aperture,After The Setting Sun,"indie folk,folk pop,folk",2025-05-09,0.0,0,0.0,0.0,0.0,,45.25905,Spotify,,,,
Sunny War,Armageddon In A Summer Dress,Cry Baby - feat. Valerie June,"folk punk,americana",2025-02-21,0.0,0,0.0,0.0,0.0,,37.86666666666667,Spotify,,,,
Gigi Perez,"At The Beach, In Every Life",Sailor Song,,2025-04-25,0.0,0,0.0,0.0,0.0,,93.56353333333334,Spotify,,,,
Far Caspian,Autofiction,A Drawing Of The Sun,"lo-fi indie,dream pop",2025-07-25,0.0,0,0.0,0.0,0.0,,43.06921666666667,Spotify,,,,
Blasé,BLABLABLA,Different Mind,,2025-03-14,0.0,0,0.0,0.0,0.0,,43.30925,Spotify,,,,
Fruit Bats,Baby Man,Baby Man,,2025-09-12,0.0,0,0.0,0.0,0.0,,29.0604,Spotify,,,,
JR JR,Back to the Land,Sunburn,,2025-05-30,0.0,0,0.0,0.0,0.0,,34.469683333333336,Spotify,,,,
Mac Miller,Balloonerism,Stoned,,2025-01-17,0.0,0,0.0,0.0,0.0,,58.70076666666667,Spotify,,,,
Anxious,Bambi,Counting Sheep,"midwest emo,melodic hardcore,pop punk",2025-02-21,0.0,0,0.0,0.0,0.0,,40.19995,Spotify,,,,
Will Smith;DJ Jazzy Jeff;B. Simone,Based on a True Story,Tantrum,"jazz rap,east coast hip hop",2025-03-28,0.0,0,0.0,0.0,0.0,,37.173966666666665,Spotify,,,,
Chatham Rabbits,Be Real With Me,Collateral Damage,"bluegrass,newgrass,americana",2025-02-14,0.0,0,0.0,0.0,0.0,,32.50833333333333,Spotify,,,,
Flyte,Between You and Me,Emily and Me,,2025-08-29,0.0,0,0.0,0.0,0.0,,38.84858333333333,Spotify,,,,
Kristin Daelyn,Beyond the Break,Longing,indie folk,2025-02-28,0.0,0,0.0,0.0,0.0,,23.291966666666667,Spotify,,,,
Charlie Houston,Big After I Die,Lighter,,2025-01-31,0.0,0,0.0,0.0,0.0,,29.600683333333333,Spotify,,,,
Bikini Trill,Bikini Trill,Keep on Trippin,reggae rock,2025-08-22,0.0,0,0.0,0.0,0.0,,38.31485,Spotify,,,,
CMAT,EURO-COUNTRY,When A Good Man Cries,,2025-08-29,0.0,0,0.0,0.0,0.0,,49.4384,Spotify,,,,
Miso Extra,Earcandy,Good Kisses,,2025-05-16,0.0,0,0.0,0.0,0.0,,36.64106666666667,Spotify,,,,
Pool Kids,Easier Said Than Done,Easier Said Than Done,"midwest emo,math rock",2025-08-15,0.0,0,0.0,0.0,0.0,,39.8182,Spotify,,,,
Tara Nome Doyle,Ekko,Anthill,,2025-04-11,0.0,0,0.0,0.0,0.0,,30.26615,Spotify,,,,
DOPE LEMON,Golden Wolf,Sugarcat,,2025-05-02,0.0,0,0.0,0.0,0.0,,44.18496666666667,Spotify,,,,
Fotoform,Grief is a Garden (Forever in Bloom),This City is Over,"shoegaze,dream pop,cold wave",2025-04-18,0.0,0,0.0,0.0,0.0,,42.3744,Spotify,,,,
The Altons,Heartache in Room 14,Over and Over,retro soul,2025-02-14,0.0,0,0.0,0.0,0.0,,35.74885,Spotify,,,,
Matt Maltese,Hers,Pined For You My Whole Life,,2025-05-16,0.0,0,0.0,0.0,0.0,,39.21418333333333,Spotify,,,,
The Hunts,Hibernating Heart,Life Is Good,"folk pop,indie folk",2025-01-03,0.0,0,0.0,0.0,0.0,,47.78515,Spotify,,,,
Flora from Kansas,Homesick,Scared Away,,2025-03-14,0.0,0,0.0,0.0,0.0,,14.547083333333331,Spotify,,,,
anamē,Hopes & Fears,It Can Be Better Now,"melodic house,progressive trance,trance",2025-02-21,0.0,0,0.0,0.0,0.0,,51.007866666666665,Spotify,,,,
Jeanines,How Long Can It Last,To Fail,jangle pop,2025-06-27,0.0,0,0.0,0.0,0.0,,21.72945,Spotify,,,,
Leith Ross,I Can See The Future,Point of View,,2025-09-19,0.0,0,0.0,0.0,0.0,,48.66216666666666,Spotify,,,,
Jensen McRae,I Don't Know How But They Found Me!,Massachusetts,,2025-04-25,0.0,0,0.0,0.0,0.0,,31.814716666666666,Spotify,,,,
Cynthia Erivo,I Forgive You,Best For Me,musicals,2025-06-06,0.0,0,0.0,0.0,0.0,,63.8247,Spotify,,,,
Sydney Rose,I Know What I Want,5 More Minutes,,2025-04-04,0.0,0,0.0,0.0,0.0,,24.782066666666665,Spotify,,,,
Moontype,I Let the Wind Push Down On Me,Let Me Cry,,2025-05-23,0.0,0,0.0,0.0,0.0,,45.86835,Spotify,,,,
Arny Margret,"I Miss You, I Do",Day Old Thoughts,,2025-03-07,0.0,0,0.0,0.0,0.0,,35.399633333333334,Spotify,,,,
Noah Cyrus,I WANT MY LOVED ONES TO GO WITH ME,Way Of The World (feat. Ella Langley),,2025-07-11,0.0,0,0.0,0.0,0.0,,42.314283333333336,Spotify,,,,
HAIM,I quit,Relationships,,2025-06-20,0.0,0,0.0,0.0,0.0,,53.019733333333335,Spotify,,,,
Ayoni,ISOLA,Comeback,,2025-09-10,0.0,0,0.0,0.0,0.0,,51.9671,Spotify,,,,
Spacey Jane,If That Makes Sense,Whateverrrr,surf rock,2025-05-09,0.0,0,0.0,0.0,0.0,,41.64631666666666,Spotify,,,,
Blondshell,If You Asked For A Picture,T&A,,2025-05-02,0.0,0,0.0,0.0,0.0,,46.98838333333333,Spotify,,,,
Charlie Cunningham,In Light,This I Know,,2025-03-14,0.0,0,0.0,0.0,0.0,,30.89935,Spotify,,,,
Smif-N-Wessun,Infinity,Medina,"east coast hip hop,boom bap,old school hip hop,hip hop",2025-02-21,0.0,0,0.0,0.0,0.0,,46.55988333333333,Spotify,,,,
Jack Van Cleaf,JVC,Rattlesnake (feat. Zach Bryan),,2025-05-09,0.0,0,0.0,0.0,0.0,,53.59746666666667,Spotify,,,,
Florist,Jellywish,Have Heaven,,2025-04-04,0.0,0,0.0,0.0,0.0,,33.628933333333336,Spotify,,,,
Heart Attack Man,Joyride The Pale Horse,Lay Down and Die,"midwest emo,pop punk",2025-04-25,0.0,0,0.0,0.0,0.0,,29.599216666666667,Spotify,,,,
Nao,Jupiter,30 Something,"alternative r&b,uk r&b",2025-02-21,0.0,0,0.0,0.0,0.0,,33.80473333333333,Spotify,,,,
Bright Eyes;Hurray For The Riff Raff,Kids Table,Victory City,"indie folk,americana,alt country",2025-09-26,0.0,0,0.0,0.0,0.0,,29.10171666666667,Spotify,,,,
Rico Nasty,LETHAL,SON OF A GUN,,2025-05-16,0.0,0,0.0,0.0,0.0,,33.99888333333333,Spotify,,,,
Lido Pimienta,La Belleza,Overturn (Obertura de la Luz Eterna),"latin alternative,electrocumbia,latin indie",2025-05-16,0.0,0,0.0,0.0,0.0,,28.46848333333333,Spotify,,,,
Gabi Hartmann,La femme aux yeux de sel,Drink the Ocean (feat. Oracle Sisters),"french jazz,vocal jazz",2025-03-21,0.0,0,0.0,0.0,0.0,,101.0825,Spotify,,,,
Lawn,God Made The Highway,Barroom Wonder,jangle pop,2025-09-19,0.0,0,0.0,0.0,0.0,,37.3995,Spotify,,,,
JID;Westside Gunn,God Does Like Ugly,"Community (with Clipse, Pusha T & Malice)","boom bap,alternative hip hop,jazz rap,experimental hip hop",2025-08-08,0.0,0,0.0,0.0,0.0,,57.43526666666666,Spotify,,,,
Heartworms,Glutton For Punishment,Jacked,post-punk,2025-02-07,0.0,0,0.0,0.0,0.0,,37.14695,Spotify,,,,
Uwade,Florilegium,Call It A Draw,,2025-04-25,0.0,0,0.0,0.0,0.0,,67.6048,Spotify,,,,
Pug Johnson,El Cabron,Believer,"red dirt,texas country",2025-03-28,0.0,0,0.0,0.0,0.0,,39.519866666666665,Spotify,,,,
Nadia Reid,Enter Now Brightness,Baby Bright,indie folk,2025-02-07,0.0,0,0.0,0.0,0.0,,40.4649,Spotify,,,,
Miya Folick,Erotica Veronica,This Time Around,,2025-02-28,0.0,0,0.0,0.0,0.0,,41.69341666666666,Spotify,,,,
Teyana Taylor;Taraji P. Henson,Escape Room,Hard Part (feat. Lucky Daye),,2025-08-22,0.0,0,0.0,0.0,0.0,,47.98275,Spotify,,,,
The Loft,Everything Changes Everything Stays The Same,Feel Good Now,jangle pop,2025-03-14,0.0,0,0.0,0.0,0.0,,73.55546666666666,Spotify,,,,
Evan Honer,Everything I Wanted,Lose A Friend,,2025-09-19,0.0,0,0.0,0.0,0.0,,42.55505,Spotify,,,,
Heather Maloney,Exploding Star,Exploding Star,,2025-01-31,0.0,0,0.0,0.0,0.0,,42.88525,Spotify,,,,
SAINt JHN,FESTIVAL SEASON,Hunting Nirvana,,2025-02-21,0.0,0,0.0,0.0,0.0,,50.95105,Spotify,,,,
LA NIÑA,FURÈSTA,FIGLIA D' 'A TEMPESTA,"neomelodico,canzone napoletana",2025-03-21,0.0,0,0.0,0.0,0.0,,28.94633333333333,Spotify,,,,
Ellie Holcomb,Far Country,Wherever I Go,"christian folk,christian,worship",2025-09-12,0.0,0,0.0,0.0,0.0,,44.7333,Spotify,,,,
St. Lucia,Fata Morgana: Dawn,Falling Asleep,,2025-03-14,0.0,0,0.0,0.0,0.0,,44.31625,Spotify,,,,
Madi Diaz,Fatal Optimist,Hope Less,,2025-10-10,0.0,0,0.0,0.0,0.0,,39.28885,Spotify,,,,
Pink Skies,Feels So,Heaven,,2025-03-14,0.0,0,0.0,0.0,0.0,,14.375266666666668,Spotify,,,,
Luke Sital-Singh,Fool's Spring,Little River,indie folk,2025-02-21,0.0,0,0.0,0.0,0.0,,40.36295,Spotify,,,,
Perfume Genius,Glory,It's a Mirror,art pop,2025-03-28,0.0,0,0.0,0.0,0.0,,41.33328333333333,Spotify,,,,
Japanese Breakfast,For Melancholy Brunettes (& sad women),Picture Window,,2025-03-21,0.0,0,0.0,0.0,0.0,,32.377516666666665,Spotify,,,,
Lucy Dacus,Forever Is A Feeling,Bullseye (with Hozier),,2025-03-28,0.0,0,0.0,0.0,0.0,,43.63523333333333,Spotify,,,,
Blu;August Fanon;Chris Clarke;Mickey Factz,Forty,Happy,"jazz rap,underground hip hop",2025-04-18,0.0,0,0.0,0.0,0.0,,38.93403333333333,Spotify,,,,
The Swell Season;Glen Hansard;Markéta Irglová,Forward,People We Used To Be,,2025-07-11,0.0,0,0.0,0.0,0.0,,36.72658333333333,Spotify,,,,
Jason Isbell,Foxes in the Snow,Bury Me,"alt country,americana,roots rock,red dirt",2025-03-07,0.0,0,0.0,0.0,0.0,,38.0364,Spotify,,,,
Das Beat,Frau Fatal,Wrestling My Mind,"neue deutsche welle,cold wave,darkwave",2025-03-14,0.0,0,0.0,0.0,0.0,,40.14001666666667,Spotify,,,,
Saba;No ID;BJ The Chicago Kid;Eryn Allen Kane,From The Private Collection of Saba and No ID,Breakdown,neo soul,2025-03-18,0.0,0,0.0,0.0,0.0,,41.69535,Spotify,,,,
Moonchild Sanelly,Full Moon,Scrambled Eggs,gqom,2025-01-10,0.0,0,0.0,0.0,0.0,,42.27216666666666,Spotify,,,,
Star 99,Gaman,Kill,power pop,2025-03-07,0.0,0,0.0,0.0,0.0,,25.330033333333333,Spotify,,,,
Sedona,Getting Into Heaven,She's So Pretty,,2025-05-23,0.0,0,0.0,0.0,0.0,,31.97715,Spotify,,,,
Kris Delmhorst;Rose Cousins,Ghosts in the Garden,Not the Only One,"folk,americana,singer-songwriter,southern gothic",2025-03-07,0.0,0,0.0,0.0,0.0,,39.82246666666666,Spotify,,,,
Panchiko,Ginkgo,Ginkgo,shoegaze,2025-04-04,0.0,0,0.0,0.0,0.0,,39.32683333333333,Spotify,,,,
Key Glock,Glockaveli,She Ready,,2025-05-02,0.0,0,0.0,0.0,0.0,,45.78931666666666,Spotify,,,,
Viagra Boys,viagr aboys,Man Made of Meat,"post-punk,egg punk",2025-04-25,0.0,0,0.0,0.0,0.0,,37.36898333333333,Spotify,,,,
